"id","entrega","estado_antes","estado_revisado","natureza_pendencia","fontes","conclusao_e_aceite_restante","metodo","commit_base","commit_auditado"
"UX01","Linha de base e cobertura","I","I","nenhuma_no_escopo_tecnico","docs/PLANO_UX_100_ETAPAS_20260909.md; docs/RELATORIO_EXPERIENCIA_MARKETING_GEN_Z_20260909.md; docs/audits/plan-review-20260912/http-production.json","Inventário e planos localizados; esta revisão atualiza evidências e distingue simulações de produção.","Revisão anterior confrontada com planos e diff; critério pendente permanece. Não representa novo teste individual desta linha.","b789e45f3171ce56a9e5eff4f8bbb3d6acc145c7","f20df4452f0d70f295154b0ba8bd9af8f8be64dd"
"UX02","Continuidade e métricas","P","P","codigo_operacao","src/context/QuoteCartContext.tsx; src/components/QuoteDrawer.tsx; src/lib/quoteItems.ts; src/lib/catalogComparison.ts; src/context/QuoteCartContext.test.ts; src/lib/analytics.ts; src/lib/analytics.test.ts; scripts/check-performance-budget.mjs; src/App.tsx; src/lib/customerSelections.ts; src/components/SavedSelections.tsx","Persistência local e biblioteca de campanhas por conta existem, com versão otimista. Restam reconciliação guiada entre dispositivos e métricas operacionais do funil.","Revisão de implementação e contratos em 22/09; validação local discriminada em EXECUCAO_COMPLEMENTAR_20260922.md. Teste automatizado não substitui aceite operacional ou pesquisa.","b789e45f3171ce56a9e5eff4f8bbb3d6acc145c7","25be22f768a6714aa04e0ccff06b0f556a7b8b7c"
"UX03","Testes de contrato das falhas","P","I","nenhuma_no_escopo_tecnico","e2e/smoke.spec.ts; playwright.config.ts; .github/workflows/quality.yml; docs/audits/plan-review-20260912/simulations.json; docs/EXECUCAO_CORRECOES_20260912.md; tests/api/lead-requests.test.ts; src/lib/quoteItems.test.ts","Regressões B01–B07 incorporadas aos testes pertinentes; endpoint persistente explicitamente configurado no E2E. Novos achados R01–R08 têm diagnósticos, ainda não correções.","Reavaliado pelo delta de implementação, fontes atuais e evidências especificadas no relatório de fechamento.","b789e45f3171ce56a9e5eff4f8bbb3d6acc145c7","f20df4452f0d70f295154b0ba8bd9af8f8be64dd"
"UX04","Consulta de novidades","I","I","nenhuma_no_escopo_tecnico","src/lib/catalog.ts; src/lib/search.ts; src/pages/CatalogPage.tsx; src/components/CatalogFilterPanel.tsx; src/lib/catalog.test.ts; src/lib/search.test.ts; e2e/smoke.spec.ts; playwright.config.ts; .github/workflows/quality.yml; docs/audits/plan-review-20260912/simulations.json","Novidades consultáveis em produção e lógica coberta; catálogo não exige estoque positivo.","Revisão anterior confrontada com planos e diff; critério pendente permanece. Não representa novo teste individual desta linha.","b789e45f3171ce56a9e5eff4f8bbb3d6acc145c7","f20df4452f0d70f295154b0ba8bd9af8f8be64dd"
"UX05","Autocomplete e atalhos","I","I","nenhuma_no_escopo_tecnico","src/lib/catalog.ts; src/lib/search.ts; src/pages/CatalogPage.tsx; src/components/CatalogFilterPanel.tsx; src/lib/catalog.test.ts; src/lib/search.test.ts; e2e/smoke.spec.ts; playwright.config.ts; .github/workflows/quality.yml; docs/audits/plan-review-20260912/simulations.json","Autocomplete fechado não intercepta atalhos; teclado e aria-activedescendant cobertos.","Revisão anterior confrontada com planos e diff; critério pendente permanece. Não representa novo teste individual desta linha.","b789e45f3171ce56a9e5eff4f8bbb3d6acc145c7","f20df4452f0d70f295154b0ba8bd9af8f8be64dd"
"UX06","Erros com recuperação útil","P","P","validacao_operacao","src/pages/QuotePage.tsx; src/lib/quoteDraft.ts; src/lib/quoteBriefing.ts; src/lib/http.ts; api/_lib/contracts.ts; tests/api/lead-requests.test.ts; docs/audits/plan-review-20260912/simulations.json; src/pages/CustomerAccountPage.tsx; src/pages/CustomerQuotePage.tsx; src/lib/customerAccount.ts; api/customer-proposals.ts; tests/api/customer-proposals.test.ts; api/notifications.ts; api/_lib/leadHandler.ts; site-supabase/supabase/migrations/20260912170000_add_quote_notification_outbox.sql; docs/audits/closure-review-20260912/notifications.mjs; docs/audits/closure-review-20260912/outbox.sql; tests/api/notifications.test.ts; api/_lib/observability.ts","R01/R02/R03/R04 têm contratos de finalização, reconciliação, recuperação e precedência; mensagens e retry estão implementados. Homologação dos provedores reais foi adiada pelo usuário.","Revisão de implementação e contratos em 22/09; validação local discriminada em EXECUCAO_COMPLEMENTAR_20260922.md. Teste automatizado não substitui aceite operacional ou pesquisa.","b789e45f3171ce56a9e5eff4f8bbb3d6acc145c7","25be22f768a6714aa04e0ccff06b0f556a7b8b7c"
"UX07","Rascunho de orçamento","P","I","nenhuma_no_escopo_tecnico","src/pages/QuotePage.tsx; src/lib/quoteDraft.ts; src/lib/quoteBriefing.ts; src/lib/http.ts; api/_lib/contracts.ts; tests/api/lead-requests.test.ts; docs/audits/plan-review-20260912/simulations.json; src/context/CustomerAuthContext.tsx; docs/audits/closure-review-20260912/logout.mjs; src/lib/personalDataReset.ts; e2e/smoke.spec.ts","Rascunho é preservado em falha e limpo após sucesso ou troca de sessão. R08 está corrigido; testes exercitam logout entre abas e envio em andamento.","Revisão de implementação e contratos em 22/09; validação local discriminada em EXECUCAO_COMPLEMENTAR_20260922.md. Teste automatizado não substitui aceite operacional ou pesquisa.","b789e45f3171ce56a9e5eff4f8bbb3d6acc145c7","25be22f768a6714aa04e0ccff06b0f556a7b8b7c"
"UX08","Comparação ao navegar","I","I","nenhuma_no_escopo_tecnico","src/context/QuoteCartContext.tsx; src/components/QuoteDrawer.tsx; src/lib/quoteItems.ts; src/lib/catalogComparison.ts; src/context/QuoteCartContext.test.ts; src/lib/catalog.ts; src/lib/search.ts; src/pages/CatalogPage.tsx; src/components/CatalogFilterPanel.tsx; src/lib/catalog.test.ts; src/lib/search.test.ts","Comparação em sessão revalida IDs e avisa sobre remoção ou fallback; não é sincronização entre dispositivos.","Revisão anterior confrontada com planos e diff; critério pendente permanece. Não representa novo teste individual desta linha.","b789e45f3171ce56a9e5eff4f8bbb3d6acc145c7","f20df4452f0d70f295154b0ba8bd9af8f8be64dd"
"UX09","Contexto da campanha","I","I","nenhuma_no_escopo_tecnico","src/lib/campaignPresets.ts; src/lib/ideaLandings.ts; src/lib/catalogLibrary.ts; src/components/CampaignFinder.tsx; src/pages/QuotePage.tsx; src/lib/quoteDraft.ts; src/lib/quoteBriefing.ts; src/lib/http.ts; api/_lib/contracts.ts; tests/api/lead-requests.test.ts; docs/audits/plan-review-20260912/simulations.json","Contexto estruturado acompanha descoberta e briefing; duplicação de link limpa contexto anterior.","Revisão anterior confrontada com planos e diff; critério pendente permanece. Não representa novo teste individual desta linha.","b789e45f3171ce56a9e5eff4f8bbb3d6acc145c7","f20df4452f0d70f295154b0ba8bd9af8f8be64dd"
"UX10","Aceitar estabilização","P","I","nenhuma_no_escopo_tecnico","e2e/smoke.spec.ts; playwright.config.ts; .github/workflows/quality.yml; docs/audits/plan-review-20260912/simulations.json; docs/EXECUCAO_CORRECOES_20260912.md; tests/api/lead-requests.test.ts; src/lib/quoteItems.test.ts","Lote original de estabilização B01–B07 entregue, publicado e com suites aprovadas no commit; não representa encerramento das expansões nem dos novos achados.","Reavaliado pelo delta de implementação, fontes atuais e evidências especificadas no relatório de fechamento.","b789e45f3171ce56a9e5eff4f8bbb3d6acc145c7","f20df4452f0d70f295154b0ba8bd9af8f8be64dd"
"UX11","Arquitetura da informação","P","P","validacao_operacao","src/components/Layout.tsx; src/App.tsx; e2e/smoke.spec.ts","Destinos por tarefa implementados; testes de localização com compradores ainda ausentes.","Revisão anterior confrontada com planos e diff; critério pendente permanece. Não representa novo teste individual desta linha.","b789e45f3171ce56a9e5eff4f8bbb3d6acc145c7","f20df4452f0d70f295154b0ba8bd9af8f8be64dd"
"UX12","Nomes das tarefas","P","I","nenhuma_no_escopo_tecnico","src/components/Layout.tsx; src/App.tsx; e2e/smoke.spec.ts; src/pages/QuotePage.tsx; src/lib/quoteDraft.ts; src/lib/quoteBriefing.ts; src/lib/http.ts; api/_lib/contracts.ts; tests/api/lead-requests.test.ts; docs/audits/plan-review-20260912/simulations.json; src/components/QuoteDrawer.tsx; docs/GUIA_DE_VOZ.md","Ações de seleção vazia usam Explorar catálogo; termos editoriais continuam nos títulos. Vocabulário funcional documentado sem prometer venda online.","Revisão de implementação e contratos em 22/09; validação local discriminada em EXECUCAO_COMPLEMENTAR_20260922.md. Teste automatizado não substitui aceite operacional ou pesquisa.","b789e45f3171ce56a9e5eff4f8bbb3d6acc145c7","25be22f768a6714aa04e0ccff06b0f556a7b8b7c"
"UX13","Guia de voz","P","P","aceite_editorial","src/pages/HomePage.tsx; src/styles.css; e2e/smoke.spec.ts; README.md; api/_lib/siteDatabase.ts; src/pages/AboutPage.tsx; src/pages/ContactPage.tsx; src/pages/PrivacyPage.tsx; docs/GUIA_DE_VOZ.md","Guia de voz com nomes, exemplos, frases aprovadas e revisão por PR implementado. Exemplos novos ainda requerem aceite editorial de marketing.","Revisão de implementação e contratos em 22/09; validação local discriminada em EXECUCAO_COMPLEMENTAR_20260922.md. Teste automatizado não substitui aceite operacional ou pesquisa.","b789e45f3171ce56a9e5eff4f8bbb3d6acc145c7","25be22f768a6714aa04e0ccff06b0f556a7b8b7c"
"UX14","Sistema visual","I","I","nenhuma_no_escopo_tecnico","src/pages/HomePage.tsx; src/styles.css; e2e/smoke.spec.ts; src/components/Layout.tsx; src/App.tsx","Tokens e componentes compartilhados presentes; não equivale à certificação manual de acessibilidade.","Revisão anterior confrontada com planos e diff; critério pendente permanece. Não representa novo teste individual desta linha.","b789e45f3171ce56a9e5eff4f8bbb3d6acc145c7","f20df4452f0d70f295154b0ba8bd9af8f8be64dd"
"UX15","Cabeçalho por tarefa","I","I","nenhuma_no_escopo_tecnico","src/components/Layout.tsx; src/App.tsx; e2e/smoke.spec.ts; playwright.config.ts; .github/workflows/quality.yml; docs/audits/plan-review-20260912/simulations.json","Cabeçalho oferece catálogo busca seleção e conta; percursos desktop/mobile automatizados.","Revisão anterior confrontada com planos e diff; critério pendente permanece. Não representa novo teste individual desta linha.","b789e45f3171ce56a9e5eff4f8bbb3d6acc145c7","f20df4452f0d70f295154b0ba8bd9af8f8be64dd"
"UX16","Busca móvel","I","I","nenhuma_no_escopo_tecnico","src/components/Layout.tsx; src/App.tsx; e2e/smoke.spec.ts; playwright.config.ts; .github/workflows/quality.yml; docs/audits/plan-review-20260912/simulations.json","Busca e menu móvel funcionam na cobertura automatizada; dispositivos físicos ficam em UX95.","Revisão anterior confrontada com planos e diff; critério pendente permanece. Não representa novo teste individual desta linha.","b789e45f3171ce56a9e5eff4f8bbb3d6acc145c7","f20df4452f0d70f295154b0ba8bd9af8f8be64dd"
"UX17","Painéis e diálogos","P","P","validacao_assistiva","src/components/Layout.tsx; src/App.tsx; e2e/smoke.spec.ts; src/pages/CustomerAccountPage.tsx; src/pages/CustomerQuotePage.tsx; src/lib/customerAccount.ts; api/customer-proposals.ts; tests/api/customer-proposals.test.ts; src/components/SavedSelections.tsx; src/pages/SharedSelectionPage.tsx","Diálogos de repetição, compartilhamento e campanhas bloqueiam scroll e controlam foco/Escape. Resta revisão assistiva manual além dos testes de teclado.","Revisão de implementação e contratos em 22/09; validação local discriminada em EXECUCAO_COMPLEMENTAR_20260922.md. Teste automatizado não substitui aceite operacional ou pesquisa.","b789e45f3171ce56a9e5eff4f8bbb3d6acc145c7","25be22f768a6714aa04e0ccff06b0f556a7b8b7c"
"UX18","Orientação e posição","P","I","nenhuma_no_escopo_tecnico","src/App.tsx; src/lib/scrollRestoration.ts; src/lib/scrollRestoration.test.ts; e2e/smoke.spec.ts","Restauração por chave aguarda conteúdo lazy crescer, respeita a intenção da pessoa e tem regressões unitária e de navegador para retorno ao catálogo.","Implementação e cenários assíncrono, timeout, cancelamento e voltar do produto validados em 22/09/2026.","b789e45f3171ce56a9e5eff4f8bbb3d6acc145c7","909b1eff043a45690a8b08f3b0f55d1dd624474f"
"UX19","Erros e vazios","I","I","nenhuma_no_escopo_tecnico","api/site-page.ts; api/product-page.ts; api/_lib/publicProductPage.ts; api/sitemap.ts; vercel.json; docs/audits/plan-review-20260912/http-production.json; e2e/smoke.spec.ts; playwright.config.ts; .github/workflows/quality.yml; docs/audits/plan-review-20260912/simulations.json","Rotas inválidas retornam 404 com shell próprio; estados vazio e recuperação presentes.","Revisão anterior confrontada com planos e diff; critério pendente permanece. Não representa novo teste individual desta linha.","b789e45f3171ce56a9e5eff4f8bbb3d6acc145c7","f20df4452f0d70f295154b0ba8bd9af8f8be64dd"
"UX20","Testar navegação com tarefas","E","E","material_pesquisa_operacao","docs/PLANO_UX_100_ETAPAS_20260909.md; docs/RELATORIO_EXPERIENCIA_MARKETING_GEN_Z_20260909.md; docs/audits/plan-review-20260912/http-production.json","Não há sessões documentadas com compradores reais; auditoria técnica é evidência distinta.","Revisão anterior confrontada com planos e diff; critério pendente permanece. Não representa novo teste individual desta linha.","b789e45f3171ce56a9e5eff4f8bbb3d6acc145c7","f20df4452f0d70f295154b0ba8bd9af8f8be64dd"
"UX21","Ordem da home por intenção","P","P","pesquisa_compradores","src/pages/HomePage.tsx; src/styles.css; e2e/smoke.spec.ts","Produtos reais foram antecipados para depois do hero e da explicação curta do fluxo, antes de briefing, biblioteca e manifesto. Resta avaliar a hierarquia com compradores.","Revisão de implementação e contratos em 22/09; validação local discriminada em EXECUCAO_COMPLEMENTAR_20260922.md. Teste automatizado não substitui aceite operacional ou pesquisa.","b789e45f3171ce56a9e5eff4f8bbb3d6acc145c7","25be22f768a6714aa04e0ccff06b0f556a7b8b7c"
"UX22","Promessa no primeiro bloco","I","I","nenhuma_no_escopo_tecnico","src/pages/HomePage.tsx; src/styles.css; e2e/smoke.spec.ts; src/pages/QuotePage.tsx; src/lib/quoteDraft.ts; src/lib/quoteBriefing.ts; src/lib/http.ts; api/_lib/contracts.ts; tests/api/lead-requests.test.ts; docs/audits/plan-review-20260912/simulations.json","Promessa e ausência de pagamento explícitas; compreensão por público real não certificada.","Revisão anterior confrontada com planos e diff; critério pendente permanece. Não representa novo teste individual desta linha.","b789e45f3171ce56a9e5eff4f8bbb3d6acc145c7","f20df4452f0d70f295154b0ba8bd9af8f8be64dd"
"UX23","Produtos que mostrem repertório","P","P","validacao_operacao","src/pages/HomePage.tsx; src/styles.css; e2e/smoke.spec.ts; src/lib/campaignPresets.ts; src/lib/ideaLandings.ts; src/lib/catalogLibrary.ts; src/components/CampaignFinder.tsx","Produtos reais aparecem; seleção editorial responsável e revisão de diversidade não demonstradas.","Revisão anterior confrontada com planos e diff; critério pendente permanece. Não representa novo teste individual desta linha.","b789e45f3171ce56a9e5eff4f8bbb3d6acc145c7","f20df4452f0d70f295154b0ba8bd9af8f8be64dd"
"UX24","Campanhas distintas","P","P","validacao_operacao","src/lib/campaignPresets.ts; src/lib/ideaLandings.ts; src/lib/catalogLibrary.ts; src/components/CampaignFinder.tsx; src/lib/catalog.ts; src/lib/search.ts; src/pages/CatalogPage.tsx; src/components/CatalogFilterPanel.tsx; src/lib/catalog.test.ts; src/lib/search.test.ts","Onboarding não impõe mais kits; diferenciar resultados por intenção e validar pertinência ainda pendente.","Revisão anterior confrontada com planos e diff; critério pendente permanece. Não representa novo teste individual desta linha.","b789e45f3171ce56a9e5eff4f8bbb3d6acc145c7","f20df4452f0d70f295154b0ba8bd9af8f8be64dd"
"UX25","Quatro frases da marca","I","I","nenhuma_no_escopo_tecnico","src/pages/HomePage.tsx; src/styles.css; e2e/smoke.spec.ts; playwright.config.ts; .github/workflows/quality.yml; docs/audits/plan-review-20260912/simulations.json","Quatro frases exatas presentes no manifesto e verificadas pelos testes.","Revisão anterior confrontada com planos e diff; critério pendente permanece. Não representa novo teste individual desta linha.","b789e45f3171ce56a9e5eff4f8bbb3d6acc145c7","f20df4452f0d70f295154b0ba8bd9af8f8be64dd"
"UX26","Case comercial real","E","E","material_pesquisa_operacao","src/pages/HomePage.tsx; src/styles.css; e2e/smoke.spec.ts; README.md; api/_lib/siteDatabase.ts; src/pages/AboutPage.tsx; src/pages/ContactPage.tsx; src/pages/PrivacyPage.tsx","Modelo completo de case com material autorizado e resultado documentado não localizado.","Revisão anterior confrontada com planos e diff; critério pendente permanece. Não representa novo teste individual desta linha.","b789e45f3171ce56a9e5eff4f8bbb3d6acc145c7","f20df4452f0d70f295154b0ba8bd9af8f8be64dd"
"UX27","Como funciona","P","P","validacao_operacao","src/pages/HomePage.tsx; src/styles.css; e2e/smoke.spec.ts; README.md; api/_lib/siteDatabase.ts; src/pages/AboutPage.tsx; src/pages/ContactPage.tsx; src/pages/PrivacyPage.tsx","Processo apresentado; etapas de arte produção e entrega dependem de validação comercial.","Revisão anterior confrontada com planos e diff; critério pendente permanece. Não representa novo teste individual desta linha.","b789e45f3171ce56a9e5eff4f8bbb3d6acc145c7","f20df4452f0d70f295154b0ba8bd9af8f8be64dd"
"UX28","Operação e limites","E","E","material_pesquisa_operacao","README.md; api/_lib/siteDatabase.ts; src/pages/AboutPage.tsx; src/pages/ContactPage.tsx; src/pages/PrivacyPage.tsx","Fotos próprias autorizadas e capacidades/prazos operacionais precisam confirmação.","Revisão anterior confrontada com planos e diff; critério pendente permanece. Não representa novo teste individual desta linha.","b789e45f3171ce56a9e5eff4f8bbb3d6acc145c7","f20df4452f0d70f295154b0ba8bd9af8f8be64dd"
"UX29","Necessidade no contato","I","I","nenhuma_no_escopo_tecnico","README.md; api/_lib/siteDatabase.ts; src/pages/AboutPage.tsx; src/pages/ContactPage.tsx; src/pages/PrivacyPage.tsx; src/pages/QuotePage.tsx; src/lib/quoteDraft.ts; src/lib/quoteBriefing.ts; src/lib/http.ts; api/_lib/contracts.ts; tests/api/lead-requests.test.ts; docs/audits/plan-review-20260912/simulations.json","Contato inclui mensagem e preferência de canal; persistência não equivale a notificação.","Revisão anterior confrontada com planos e diff; critério pendente permanece. Não representa novo teste individual desta linha.","b789e45f3171ce56a9e5eff4f8bbb3d6acc145c7","f20df4452f0d70f295154b0ba8bd9af8f8be64dd"
"UX30","Redes e atendimento oficial","P","P","validacao_operacao","src/components/Layout.tsx; src/App.tsx; e2e/smoke.spec.ts; README.md; api/_lib/siteDatabase.ts; src/pages/AboutPage.tsx; src/pages/ContactPage.tsx; src/pages/PrivacyPage.tsx","Quatro redes e links acessíveis presentes; titularidade horários e atendimento real não revalidados.","Revisão anterior confrontada com planos e diff; critério pendente permanece. Não representa novo teste individual desta linha.","b789e45f3171ce56a9e5eff4f8bbb3d6acc145c7","f20df4452f0d70f295154b0ba8bd9af8f8be64dd"
"UX31","Taxonomia de campanhas","P","P","validacao_operacao","src/lib/catalog.ts; src/lib/search.ts; src/pages/CatalogPage.tsx; src/components/CatalogFilterPanel.tsx; src/lib/catalog.test.ts; src/lib/search.test.ts; src/lib/campaignPresets.ts; src/lib/ideaLandings.ts; src/lib/catalogLibrary.ts; src/components/CampaignFinder.tsx","Taxonomia implementada; sem avaliação comercial sistemática dos rótulos editoriais.","Revisão anterior confrontada com planos e diff; critério pendente permanece. Não representa novo teste individual desta linha.","b789e45f3171ce56a9e5eff4f8bbb3d6acc145c7","f20df4452f0d70f295154b0ba8bd9af8f8be64dd"
"UX32","Sinônimos por intenção","P","P","validacao_operacao","src/lib/catalog.ts; src/lib/search.ts; src/pages/CatalogPage.tsx; src/components/CatalogFilterPanel.tsx; src/lib/catalog.test.ts; src/lib/search.test.ts; src/lib/campaignPresets.ts; src/lib/ideaLandings.ts; src/lib/catalogLibrary.ts; src/components/CampaignFinder.tsx","Sinônimos e onboarding separados de kit; ausência de conjunto julgado limita aceite de relevância.","Revisão anterior confrontada com planos e diff; critério pendente permanece. Não representa novo teste individual desta linha.","b789e45f3171ce56a9e5eff4f8bbb3d6acc145c7","f20df4452f0d70f295154b0ba8bd9af8f8be64dd"
"UX33","Erros de digitação","I","I","nenhuma_no_escopo_tecnico","src/lib/catalog.ts; src/lib/search.ts; src/pages/CatalogPage.tsx; src/components/CatalogFilterPanel.tsx; src/lib/catalog.test.ts; src/lib/search.test.ts","Correção sugerida de digitação e preservação de códigos cobertas por testes.","Revisão anterior confrontada com planos e diff; critério pendente permanece. Não representa novo teste individual desta linha.","b789e45f3171ce56a9e5eff4f8bbb3d6acc145c7","f20df4452f0d70f295154b0ba8bd9af8f8be64dd"
"UX34","Amostra de relevância","N","P","validacao_operacao","src/lib/search.ts; src/lib/searchRelevance.ts; src/lib/searchRelevance.test.ts; src/lib/search.test.ts","Há 20 julgamentos editoriais versionados e testados como baseline técnico; ainda falta homologação comercial com consultas e resultados reais.","Reavaliado após implementação e testes do commit técnico indicado; estado parcial evita tratar uma amostra editorial como pesquisa real.","203a4a7dd27b9c9e9cfb4b06ab95dbd2c939bf28","df76f67297d41b9edfc30ae2ad3522c45e26e6da"
"UX35","Ordenação editorial","P","P","codigo_validacao","src/lib/catalog.ts; src/lib/search.ts; src/pages/CatalogPage.tsx; src/components/CatalogFilterPanel.tsx; src/lib/catalog.test.ts; src/lib/search.test.ts; src/lib/campaignPresets.ts; src/lib/ideaLandings.ts; src/lib/catalogLibrary.ts; src/components/CampaignFinder.tsx","Ordenação por flags existe; ranking por intenção e diversidade não comprovado.","Revisão anterior confrontada com planos e diff; critério pendente permanece. Não representa novo teste individual desta linha.","b789e45f3171ce56a9e5eff4f8bbb3d6acc145c7","f20df4452f0d70f295154b0ba8bd9af8f8be64dd"
"UX36","Novidades, kits, badge único","I","I","nenhuma_no_escopo_tecnico","src/pages/ProductPage.tsx; src/components/ProductCard.tsx; src/lib/productBadges.ts; api/_lib/catalogValidation.ts; docs/audits/plan-review-20260912/simulations.json; e2e/smoke.spec.ts; playwright.config.ts; .github/workflows/quality.yml","Badge único com prioridade novidade-kit-personalização e janela temporal testados.","Revisão anterior confrontada com planos e diff; critério pendente permanece. Não representa novo teste individual desta linha.","b789e45f3171ce56a9e5eff4f8bbb3d6acc145c7","f20df4452f0d70f295154b0ba8bd9af8f8be64dd"
"UX37","Grupos do superfiltro","I","I","nenhuma_no_escopo_tecnico","src/lib/catalog.ts; src/lib/search.ts; src/pages/CatalogPage.tsx; src/components/CatalogFilterPanel.tsx; src/lib/catalog.test.ts; src/lib/search.test.ts; e2e/smoke.spec.ts; playwright.config.ts; .github/workflows/quality.yml; docs/audits/plan-review-20260912/simulations.json","Grupos filtros por IDs chips e busca interna implementados/testados.","Revisão anterior confrontada com planos e diff; critério pendente permanece. Não representa novo teste individual desta linha.","b789e45f3171ce56a9e5eff4f8bbb3d6acc145c7","f20df4452f0d70f295154b0ba8bd9af8f8be64dd"
"UX38","Refinamento móvel","I","I","nenhuma_no_escopo_tecnico","src/lib/catalog.ts; src/lib/search.ts; src/pages/CatalogPage.tsx; src/components/CatalogFilterPanel.tsx; src/lib/catalog.test.ts; src/lib/search.test.ts; e2e/smoke.spec.ts; playwright.config.ts; .github/workflows/quality.yml; docs/audits/plan-review-20260912/simulations.json","Painel móvel combina filtros preserva URL e retorna foco.","Revisão anterior confrontada com planos e diff; critério pendente permanece. Não representa novo teste individual desta linha.","b789e45f3171ce56a9e5eff4f8bbb3d6acc145c7","f20df4452f0d70f295154b0ba8bd9af8f8be64dd"
"UX39","Densidade, paginação, retorno","P","I","nenhuma_no_escopo_tecnico","src/lib/catalog.ts; src/pages/CatalogPage.tsx; src/components/CatalogFilterPanel.tsx; src/App.tsx; src/lib/scrollRestoration.ts; src/lib/scrollRestoration.test.ts; e2e/smoke.spec.ts","Paginação e filtros permanecem na URL; o retorno restaura a posição exata mesmo quando a rota recompõe altura de forma assíncrona.","Contratos de paginação existentes e nova regressão de restauração validados em 22/09/2026.","b789e45f3171ce56a9e5eff4f8bbb3d6acc145c7","909b1eff043a45690a8b08f3b0f55d1dd624474f"
"UX40","Explicar recomendações e vazios","P","P","validacao_operacao","src/lib/catalog.ts; src/lib/search.ts; src/pages/CatalogPage.tsx; src/components/CatalogFilterPanel.tsx; src/lib/catalog.test.ts; src/lib/search.test.ts; src/lib/campaignPresets.ts; src/lib/ideaLandings.ts; src/lib/catalogLibrary.ts; src/components/CampaignFinder.tsx","Filtros e vazios explicáveis; pertinência comercial de recomendações ainda sem aceite.","Revisão anterior confrontada com planos e diff; critério pendente permanece. Não representa novo teste individual desta linha.","b789e45f3171ce56a9e5eff4f8bbb3d6acc145c7","f20df4452f0d70f295154b0ba8bd9af8f8be64dd"
"UX41","Qualidade dos dados","P","P","dados_validacao","src/pages/ProductPage.tsx; src/components/ProductCard.tsx; src/lib/productBadges.ts; api/_lib/catalogValidation.ts; docs/audits/plan-review-20260912/simulations.json; src/lib/catalog.ts; src/lib/search.ts; src/pages/CatalogPage.tsx; src/components/CatalogFilterPanel.tsx; src/lib/catalog.test.ts; src/lib/search.test.ts; docs/EXECUCAO_CORRECOES_20260912.md; e2e/smoke.spec.ts; tests/api/lead-requests.test.ts; src/lib/quoteItems.test.ts","B02 corrigido. A amostra histórica não é estratificada nem valida completude/consistência do catálogo inteiro; não houve escrita na origem.","Reavaliado pelo delta de implementação, fontes atuais e evidências especificadas no relatório de fechamento.","b789e45f3171ce56a9e5eff4f8bbb3d6acc145c7","f20df4452f0d70f295154b0ba8bd9af8f8be64dd"
"UX42","Resumo e descrição completa","I","I","nenhuma_no_escopo_tecnico","src/pages/ProductPage.tsx; src/components/ProductCard.tsx; src/lib/productBadges.ts; api/_lib/catalogValidation.ts; docs/audits/plan-review-20260912/simulations.json","Resumo e descrição completa separados na ficha; não implica qualidade factual de todo cadastro.","Revisão anterior confrontada com planos e diff; critério pendente permanece. Não representa novo teste individual desta linha.","b789e45f3171ce56a9e5eff4f8bbb3d6acc145c7","f20df4452f0d70f295154b0ba8bd9af8f8be64dd"
"UX43","Especificações e unidades","P","P","validacao_operacao","src/pages/ProductPage.tsx; src/components/ProductCard.tsx; src/lib/productBadges.ts; api/_lib/catalogValidation.ts; docs/audits/plan-review-20260912/simulations.json","Ausências e unidades apresentadas; comparabilidade por família exige revisão dos dados.","Revisão anterior confrontada com planos e diff; critério pendente permanece. Não representa novo teste individual desta linha.","b789e45f3171ce56a9e5eff4f8bbb3d6acc145c7","f20df4452f0d70f295154b0ba8bd9af8f8be64dd"
"UX44","Galeria com ampliação","I","I","nenhuma_no_escopo_tecnico","src/pages/ProductPage.tsx; src/components/ProductCard.tsx; src/lib/productBadges.ts; api/_lib/catalogValidation.ts; docs/audits/plan-review-20260912/simulations.json; e2e/smoke.spec.ts; playwright.config.ts; .github/workflows/quality.yml","Miniaturas zoom Escape e fallback implementados; testes aprovados nos recortes de galeria.","Revisão anterior confrontada com planos e diff; critério pendente permanece. Não representa novo teste individual desta linha.","b789e45f3171ce56a9e5eff4f8bbb3d6acc145c7","f20df4452f0d70f295154b0ba8bd9af8f8be64dd"
"UX45","Cores e variantes","P","I","nenhuma_no_escopo_tecnico","src/pages/ProductPage.tsx; src/components/ProductCard.tsx; api/_lib/catalogValidation.ts; src/lib/sharedSelection.ts; src/lib/sharedSelection.test.ts; src/lib/customerSelections.ts; src/lib/customerSelections.test.ts; src/pages/SharedSelectionPage.tsx; api/_lib/sharedSelections.ts; api/shared-selections.ts; tests/api/shared-selections.test.ts; site-supabase/supabase/migrations/20260922210000_close_selection_and_asset_integrity_gaps.sql; site-supabase/supabase/tests/database/selection_asset_integrity.test.sql","Variante estável é validada contra o produto; quando o catálogo não fornece variant_id, o nome da cor é preservado, reconciliado somente por correspondência única e sinalizado quando removido ou ambíguo. Histórico, conta e links não descartam a escolha silenciosamente.","Reavaliado com inventário de 16.993 amostras sem variant_id, testes unitários/API, pgTAP e fluxos E2E de indisponibilidade.","b789e45f3171ce56a9e5eff4f8bbb3d6acc145c7","ef97fc75e4109b90e5b25d14d9418d6557bb4640"
"UX46","Mínimo e ajuste de quantidade","P","I","nenhuma_no_escopo_tecnico","src/pages/ProductPage.tsx; src/components/ProductCard.tsx; src/lib/productBadges.ts; api/_lib/catalogValidation.ts; docs/audits/plan-review-20260912/simulations.json; src/pages/QuotePage.tsx; src/lib/quoteDraft.ts; src/lib/quoteBriefing.ts; src/lib/http.ts; api/_lib/contracts.ts; tests/api/lead-requests.test.ts; docs/EXECUCAO_CORRECOES_20260912.md; e2e/smoke.spec.ts; src/lib/quoteItems.test.ts","Mínimo desconhecido usa piso técnico de uma unidade e rótulo a confirmar; mínimo conhecido é conferido no servidor. Digitação corrigida e regressão WebKit encerrada.","Reavaliado pelo delta de implementação, fontes atuais e evidências especificadas no relatório de fechamento.","b789e45f3171ce56a9e5eff4f8bbb3d6acc145c7","f20df4452f0d70f295154b0ba8bd9af8f8be64dd"
"UX47","Personalização comprovada","P","P","codigo_validacao","src/pages/ProductPage.tsx; src/components/ProductCard.tsx; src/lib/productBadges.ts; api/_lib/catalogValidation.ts; docs/audits/plan-review-20260912/simulations.json; README.md; api/_lib/siteDatabase.ts; src/pages/AboutPage.tsx; src/pages/ContactPage.tsx; src/pages/PrivacyPage.tsx","FAQ orienta personalização; matriz de técnicas/áreas e exemplos reais por família ausentes.","Revisão anterior confrontada com planos e diff; critério pendente permanece. Não representa novo teste individual desta linha.","b789e45f3171ce56a9e5eff4f8bbb3d6acc145c7","f20df4452f0d70f295154b0ba8bd9af8f8be64dd"
"UX48","FAQ contextual","I","I","nenhuma_no_escopo_tecnico","src/pages/ProductPage.tsx; src/components/ProductCard.tsx; src/lib/productBadges.ts; api/_lib/catalogValidation.ts; docs/audits/plan-review-20260912/simulations.json; src/pages/QuotePage.tsx; src/lib/quoteDraft.ts; src/lib/quoteBriefing.ts; src/lib/http.ts; api/_lib/contracts.ts; tests/api/lead-requests.test.ts","FAQ contextual centralizada no catálogo produto e briefing; cobertura existente aprovada.","Revisão anterior confrontada com planos e diff; critério pendente permanece. Não representa novo teste individual desta linha.","b789e45f3171ce56a9e5eff4f8bbb3d6acc145c7","f20df4452f0d70f295154b0ba8bd9af8f8be64dd"
"UX49","Relacionados relevantes","P","P","codigo_validacao","src/pages/ProductPage.tsx; src/components/ProductCard.tsx; src/lib/productBadges.ts; api/_lib/catalogValidation.ts; docs/audits/plan-review-20260912/simulations.json; src/lib/campaignPresets.ts; src/lib/ideaLandings.ts; src/lib/catalogLibrary.ts; src/components/CampaignFinder.tsx","Relacionados por categoria excluem produto atual; ranking/diversidade por campanha não demonstrados.","Revisão anterior confrontada com planos e diff; critério pendente permanece. Não representa novo teste individual desta linha.","b789e45f3171ce56a9e5eff4f8bbb3d6acc145c7","f20df4452f0d70f295154b0ba8bd9af8f8be64dd"
"UX50","Comparação decisória","I","I","nenhuma_no_escopo_tecnico","src/context/QuoteCartContext.tsx; src/components/QuoteDrawer.tsx; src/lib/quoteItems.ts; src/lib/catalogComparison.ts; src/context/QuoteCartContext.test.ts; src/lib/catalog.ts; src/lib/search.ts; src/pages/CatalogPage.tsx; src/components/CatalogFilterPanel.tsx; src/lib/catalog.test.ts; src/lib/search.test.ts","Comparação de até três referências com dimensões material capacidade e ausências implementada.","Revisão anterior confrontada com planos e diff; critério pendente permanece. Não representa novo teste individual desta linha.","b789e45f3171ce56a9e5eff4f8bbb3d6acc145c7","f20df4452f0d70f295154b0ba8bd9af8f8be64dd"
"UX51","Feedback ao salvar","I","I","nenhuma_no_escopo_tecnico","src/context/QuoteCartContext.tsx; src/components/QuoteDrawer.tsx; src/lib/quoteItems.ts; src/lib/catalogComparison.ts; src/context/QuoteCartContext.test.ts; e2e/smoke.spec.ts; playwright.config.ts; .github/workflows/quality.yml; docs/audits/plan-review-20260912/simulations.json","Salvar atualizar contador e limite de cinquenta possuem feedback e testes.","Revisão anterior confrontada com planos e diff; critério pendente permanece. Não representa novo teste individual desta linha.","b789e45f3171ce56a9e5eff4f8bbb3d6acc145c7","f20df4452f0d70f295154b0ba8bd9af8f8be64dd"
"UX52","Remover/limpar com proteção","I","I","nenhuma_no_escopo_tecnico","src/context/QuoteCartContext.tsx; src/components/QuoteDrawer.tsx; src/lib/quoteItems.ts; src/lib/catalogComparison.ts; src/context/QuoteCartContext.test.ts; src/lib/sharedSelection.ts; src/pages/SharedSelectionPage.tsx; api/shared-selections.ts; tests/api/shared-selections.test.ts; src/lib/sharedSelection.test.ts","Desfazer remoção/limpeza e confirmar substituição estão implementados; antigos gaps de duplicação encerrados.","Revisão anterior confrontada com planos e diff; critério pendente permanece. Não representa novo teste individual desta linha.","b789e45f3171ce56a9e5eff4f8bbb3d6acc145c7","f20df4452f0d70f295154b0ba8bd9af8f8be64dd"
"UX53","Seleções por campanha","P","I","nenhuma_no_escopo_tecnico","src/context/QuoteCartContext.tsx; src/components/QuoteDrawer.tsx; src/lib/quoteItems.ts; src/lib/catalogComparison.ts; src/context/QuoteCartContext.test.ts; src/components/SavedSelections.tsx; src/lib/customerSelections.ts; site-supabase/supabase/tests/database/customer_selections.test.sql; e2e/smoke.spec.ts","Biblioteca por conta permite várias campanhas nomeadas, retomada, atualização, arquivamento e exclusão com confirmação. Persistência usa controle de versão.","Revisão de implementação e contratos em 22/09; validação local discriminada em EXECUCAO_COMPLEMENTAR_20260922.md. Teste automatizado não substitui aceite operacional ou pesquisa.","b789e45f3171ce56a9e5eff4f8bbb3d6acc145c7","25be22f768a6714aa04e0ccff06b0f556a7b8b7c"
"UX54","Alternativas de decisão","P","P","pesquisa_compradores","src/context/QuoteCartContext.tsx; src/components/QuoteDrawer.tsx; src/lib/quoteItems.ts; src/lib/catalogComparison.ts; src/context/QuoteCartContext.test.ts; src/lib/sharedSelection.ts; src/pages/SharedSelectionPage.tsx; api/shared-selections.ts; tests/api/shared-selections.test.ts; src/lib/sharedSelection.test.ts; site-supabase/supabase/tests/database/shared_selection_priorities.test.sql","Prioridade alternativa agora acompanha serialização, API, persistência, leitura e duplicação. Página compartilhada identifica as alternativas. Resta teste de compreensão com compradores.","Revisão de implementação e contratos em 22/09; validação local discriminada em EXECUCAO_COMPLEMENTAR_20260922.md. Teste automatizado não substitui aceite operacional ou pesquisa.","b789e45f3171ce56a9e5eff4f8bbb3d6acc145c7","25be22f768a6714aa04e0ccff06b0f556a7b8b7c"
"UX55","Impressão/PDF","P","I","nenhuma_no_escopo_tecnico","src/pages/QuotePage.tsx; src/styles.css; e2e/smoke.spec.ts","Seleção extensa gera PDF A4 multipágina com identidade, imagens contidas, itens sem quebra interna e controles/formulário ocultos.","Playwright Chromium gerou e inspecionou PDF de oito itens; layout print também foi verificado em navegador em 22/09/2026.","b789e45f3171ce56a9e5eff4f8bbb3d6acc145c7","909b1eff043a45690a8b08f3b0f55d1dd624474f"
"UX56","Modelo de compartilhamento","I","I","nenhuma_no_escopo_tecnico","src/lib/sharedSelection.ts; src/pages/SharedSelectionPage.tsx; api/shared-selections.ts; tests/api/shared-selections.test.ts; src/lib/sharedSelection.test.ts; site-supabase/supabase/migrations; site-supabase/supabase/tests/database/customer_portal.test.sql; site-supabase/supabase/tests/database/lead_storage.test.sql; docs/audits/plan-review-20260912/database-readonly.json","Modelo opaco revogável com segredo separado e prazo definido implementado; links antigos têm contrato distinto.","Revisão anterior confrontada com planos e diff; critério pendente permanece. Não representa novo teste individual desta linha.","b789e45f3171ce56a9e5eff4f8bbb3d6acc145c7","f20df4452f0d70f295154b0ba8bd9af8f8be64dd"
"UX57","Link de leitura","P","P","validacao_operacao","src/lib/sharedSelection.ts; src/pages/SharedSelectionPage.tsx; api/shared-selections.ts; tests/api/shared-selections.test.ts; src/lib/sharedSelection.test.ts; site-supabase/supabase/migrations; site-supabase/supabase/tests/database/customer_portal.test.sql; site-supabase/supabase/tests/database/lead_storage.test.sql; docs/audits/plan-review-20260912/database-readonly.json","Leitura e revogação implementadas com limite 50 aplicado; falta novo ciclo real criar-abrir-revogar no deployment.","Revisão anterior confrontada com planos e diff; critério pendente permanece. Não representa novo teste individual desta linha.","b789e45f3171ce56a9e5eff4f8bbb3d6acc145c7","f20df4452f0d70f295154b0ba8bd9af8f8be64dd"
"UX58","Prévia de links por conteúdo","P","P","validacao_operacao","api/site-page.ts; api/_lib/curatedPagePreviews.ts; api/product-page.ts; api/_lib/publicProductPage.ts; api/sitemap.ts; tests/api/site-page.test.ts; tests/api/curated-page-previews.test.ts; vercel.json","Coleções e datas conhecidas recebem título, descrição e canonical específicos na resposta HTML inicial, e o sitemap publica somente combinações curadas. A imagem social continua compartilhada entre essas páginas e a renderização nos canais reais ainda precisa de validação operacional.","Implementação e contratos automatizados reavaliados em 22/09. O teste comprova o HTML e a sincronização das rotas, não o cache de cada rede social.","b789e45f3171ce56a9e5eff4f8bbb3d6acc145c7","fabb52bc0acbbe8146da7c0ceabada13316991db"
"UX59","Sincronização após login","N","P","validacao_operacao","src/components/SavedSelections.tsx; src/components/SavedSelections.test.tsx; src/lib/customerSelections.ts; src/lib/customerSelections.test.ts; src/context/QuoteCartContext.test.ts; e2e/smoke.spec.ts; site-supabase/supabase/migrations/20260922130000_add_customer_selections.sql; site-supabase/supabase/tests/database/customer_selections.test.sql; src/pages/PrivacyPage.tsx","Biblioteca remota está implementada e publicada na base 91653ab; pgTAP cobre titularidade e E2E exercita dois navegadores com API simulada. Falta homologação de retomada autenticada em dispositivos físicos; não há sincronização automática do carrinho.","Revisão de implementação e contratos em 22/09; validação local discriminada em EXECUCAO_COMPLEMENTAR_20260922.md. Teste automatizado não substitui aceite operacional ou pesquisa.","b789e45f3171ce56a9e5eff4f8bbb3d6acc145c7","25be22f768a6714aa04e0ccff06b0f556a7b8b7c"
"UX60","Conflitos/ciclo de campanhas","N","I","nenhuma_no_escopo_tecnico","src/components/SavedSelections.tsx; src/components/SavedSelections.test.tsx; src/lib/customerSelections.ts; src/lib/customerSelections.test.ts; src/context/quoteCartReducer.ts; src/context/QuoteCartContext.test.ts; site-supabase/supabase/migrations/20260922130000_add_customer_selections.sql; site-supabase/supabase/tests/database/customer_selections.test.sql","Versão otimista impede sobrescrita concorrente; arquivo e restauração funcionam. Ao detectar edição em outro dispositivo, a interface compara versões e oferece usar a conta, preservar as duas como cópia ou substituir conscientemente, sem perda silenciosa.","Revisão de implementação e contrato de conflito em 22/09; as escolhas guiadas e a preservação de ambas as versões têm teste automatizado.","b789e45f3171ce56a9e5eff4f8bbb3d6acc145c7","fabb52bc0acbbe8146da7c0ceabada13316991db"
"UX61","Resumo editável da campanha","I","I","nenhuma_no_escopo_tecnico","src/lib/campaignPresets.ts; src/lib/ideaLandings.ts; src/lib/catalogLibrary.ts; src/components/CampaignFinder.tsx; src/pages/QuotePage.tsx; src/lib/quoteDraft.ts; src/lib/quoteBriefing.ts; src/lib/http.ts; api/_lib/contracts.ts; tests/api/lead-requests.test.ts; docs/audits/plan-review-20260912/simulations.json","Resumo editável de nome ocasião intenção e briefing presente.","Revisão anterior confrontada com planos e diff; critério pendente permanece. Não representa novo teste individual desta linha.","b789e45f3171ce56a9e5eff4f8bbb3d6acc145c7","f20df4452f0d70f295154b0ba8bd9af8f8be64dd"
"UX62","Verba sem preço fictício","I","I","nenhuma_no_escopo_tecnico","src/pages/QuotePage.tsx; src/lib/quoteDraft.ts; src/lib/quoteBriefing.ts; src/lib/http.ts; api/_lib/contracts.ts; tests/api/lead-requests.test.ts; docs/audits/plan-review-20260912/simulations.json","Verba opcional exige escopo quando definida; sem preço comercial calculado.","Revisão anterior confrontada com planos e diff; critério pendente permanece. Não representa novo teste individual desta linha.","b789e45f3171ce56a9e5eff4f8bbb3d6acc145c7","f20df4452f0d70f295154b0ba8bd9af8f8be64dd"
"UX63","Evento versus recebimento","P","I","nenhuma_no_escopo_tecnico","src/pages/QuotePage.tsx; src/lib/quoteDraft.ts; src/lib/quoteBriefing.ts; src/lib/http.ts; api/_lib/contracts.ts; tests/api/lead-requests.test.ts; docs/audits/plan-review-20260912/simulations.json; src/pages/QuotePage.test.ts","Validação de evento passado e recebimento incompatível antes do POST; calendário de São Paulo compartilhado conceitualmente entre UI/API e testes de instantes absolutos.","Reavaliado pelo delta de implementação, fontes atuais e evidências especificadas no relatório de fechamento.","b789e45f3171ce56a9e5eff4f8bbb3d6acc145c7","f20df4452f0d70f295154b0ba8bd9af8f8be64dd"
"UX64","Formulário com menos esforço","P","P","pesquisa_compradores","src/pages/QuotePage.tsx; src/lib/quoteDraft.ts; src/lib/quoteBriefing.ts; src/lib/http.ts; api/_lib/contracts.ts; tests/api/lead-requests.test.ts; docs/audits/plan-review-20260912/simulations.json; src/context/CustomerAuthContext.tsx; docs/audits/closure-review-20260912/logout.mjs; e2e/smoke.spec.ts","R08 está corrigido; regressões cobrem sucesso, falha, logout e envio em andamento. Resta avaliação de esforço e compreensão do formulário com compradores.","Revisão de implementação e contratos em 22/09; validação local discriminada em EXECUCAO_COMPLEMENTAR_20260922.md. Teste automatizado não substitui aceite operacional ou pesquisa.","b789e45f3171ce56a9e5eff4f8bbb3d6acc145c7","25be22f768a6714aa04e0ccff06b0f556a7b8b7c"
"UX65","Anexos protegidos","N","I","nenhuma_no_escopo_tecnico","src/components/BriefingAssetUploader.tsx; src/lib/briefingAssets.ts; api/briefing-assets.ts; api/_lib/fileSignatures.ts; api/retention.ts; site-supabase/supabase/migrations/20260922150000_add_private_briefing_assets.sql; site-supabase/supabase/migrations/20260922220000_verify_briefing_asset_content.sql; site-supabase/supabase/tests/database/briefing_assets.test.sql; tests/api/briefing-assets.test.ts; src/components/BriefingAssetUploader.test.tsx","Upload privado, RLS, titularidade, retenção e inspeção server-side da assinatura binária estão implementados. Arquivo divergente é recusado e removido; somente objeto verificado pode ser vinculado ao briefing.","Reset integral do banco, 469 asserções pgTAP, testes da API com PNG válido e SVG disfarçado, tipos gerados e lint do schema em 22/09.","203a4a7dd27b9c9e9cfb4b06ab95dbd2c939bf28","fabb52bc0acbbe8146da7c0ceabada13316991db"
"UX66","Envio único do orçamento","I","I","nenhuma_no_escopo_tecnico","src/pages/QuotePage.tsx; src/lib/quoteDraft.ts; src/lib/quoteBriefing.ts; src/lib/http.ts; api/_lib/contracts.ts; tests/api/lead-requests.test.ts; docs/audits/plan-review-20260912/simulations.json; site-supabase/supabase/migrations; site-supabase/supabase/tests/database/customer_portal.test.sql; site-supabase/supabase/tests/database/lead_storage.test.sql; docs/audits/plan-review-20260912/database-readonly.json","Identidade da tentativa e transação idempotente no fluxo principal testadas; entrega de mensagens é requisito separado.","Revisão anterior confrontada com planos e diff; critério pendente permanece. Não representa novo teste individual desta linha.","b789e45f3171ce56a9e5eff4f8bbb3d6acc145c7","f20df4452f0d70f295154b0ba8bd9af8f8be64dd"
"UX67","Confirmação e próximo passo","P","P","aceite_operacao","src/pages/QuotePage.tsx; src/lib/quoteDraft.ts; src/lib/quoteBriefing.ts; src/lib/http.ts; api/_lib/contracts.ts; tests/api/lead-requests.test.ts; docs/audits/plan-review-20260912/simulations.json; README.md; api/_lib/siteDatabase.ts; src/pages/AboutPage.tsx; src/pages/ContactPage.tsx; src/pages/PrivacyPage.tsx; api/notifications.ts; api/_lib/leadHandler.ts; site-supabase/supabase/migrations/20260912170000_add_quote_notification_outbox.sql; docs/audits/closure-review-20260912/notifications.mjs; docs/audits/closure-review-20260912/outbox.sql; tests/api/notifications.test.ts","Registro mantém protocolo e limpa o rascunho; finalização false não é sucesso e aceite de provedor tem reconciliação. Prazo, responsável e recebimento pelo atendimento continuam dependentes de homologação operacional.","Revisão de implementação e contratos em 22/09; validação local discriminada em EXECUCAO_COMPLEMENTAR_20260922.md. Teste automatizado não substitui aceite operacional ou pesquisa.","b789e45f3171ce56a9e5eff4f8bbb3d6acc145c7","25be22f768a6714aa04e0ccff06b0f556a7b8b7c"
"UX68","Cópia por e-mail","N","P","adiado_usuario","README.md; api/_lib/siteDatabase.ts; src/pages/AboutPage.tsx; src/pages/ContactPage.tsx; src/pages/PrivacyPage.tsx; site-supabase/supabase/migrations; site-supabase/supabase/tests/database/customer_portal.test.sql; site-supabase/supabase/tests/database/lead_storage.test.sql; docs/audits/plan-review-20260912/database-readonly.json; api/notifications.ts; api/_lib/leadHandler.ts; site-supabase/supabase/migrations/20260912170000_add_quote_notification_outbox.sql; docs/audits/closure-review-20260912/notifications.mjs; docs/audits/closure-review-20260912/outbox.sql; api/notification-events-resend.ts; tests/api/notification-events-resend.test.ts; tests/api/notifications.test.ts","Outbox, Resend, webhooks e recuperação estão implementados/testados. Credenciais e ensaio de recebimento real foram adiados pelo usuário. Não afirmar que cópias chegam ao cliente; conteúdo integral do briefing ainda precisa revisão.","Revisão de implementação e contratos em 22/09; validação local discriminada em EXECUCAO_COMPLEMENTAR_20260922.md. Teste automatizado não substitui aceite operacional ou pesquisa.","b789e45f3171ce56a9e5eff4f8bbb3d6acc145c7","25be22f768a6714aa04e0ccff06b0f556a7b8b7c"
"UX69","WhatsApp opcional automático","N","P","adiado_usuario","README.md; api/_lib/siteDatabase.ts; src/pages/AboutPage.tsx; src/pages/ContactPage.tsx; src/pages/PrivacyPage.tsx; site-supabase/supabase/migrations; site-supabase/supabase/tests/database/customer_portal.test.sql; site-supabase/supabase/tests/database/lead_storage.test.sql; docs/audits/plan-review-20260912/database-readonly.json; api/notifications.ts; api/_lib/leadHandler.ts; site-supabase/supabase/migrations/20260912170000_add_quote_notification_outbox.sql; docs/audits/closure-review-20260912/notifications.mjs; docs/audits/closure-review-20260912/outbox.sql; api/notification-events-whatsapp.ts; tests/api/notification-events-whatsapp.test.ts; tests/api/notifications.test.ts","Opt-in, template Meta, callback e reconciliação de aceite implementados. Configuração, conteúdo aprovado e homologação real foram adiados pelo usuário; aceite do provedor não prova entrega ao destinatário.","Revisão de implementação e contratos em 22/09; validação local discriminada em EXECUCAO_COMPLEMENTAR_20260922.md. Teste automatizado não substitui aceite operacional ou pesquisa.","b789e45f3171ce56a9e5eff4f8bbb3d6acc145c7","25be22f768a6714aa04e0ccff06b0f556a7b8b7c"
"UX70","Passagem ao atendimento","P","P","codigo_operacao","README.md; api/_lib/siteDatabase.ts; src/pages/AboutPage.tsx; src/pages/ContactPage.tsx; src/pages/PrivacyPage.tsx; src/pages/CustomerAccountPage.tsx; src/pages/CustomerQuotePage.tsx; src/lib/customerAccount.ts; api/customer-proposals.ts; tests/api/customer-proposals.test.ts; api/notifications.ts; api/_lib/leadHandler.ts; site-supabase/supabase/migrations/20260912170000_add_quote_notification_outbox.sql; docs/audits/closure-review-20260912/notifications.mjs; docs/audits/closure-review-20260912/outbox.sql","A fila nova gera audience=customer; não gera notificação ao comercial. Persistência e histórico existem; faltam encaminhamento ao responsável, monitoramento de prazo e ciclo real de atendimento.","Reavaliado pelo delta de implementação, fontes atuais e evidências especificadas no relatório de fechamento.","b789e45f3171ce56a9e5eff4f8bbb3d6acc145c7","9ae117724c1842cebb020a53ebb98de2779ee118"
"UX71","Método principal de acesso","I","I","nenhuma_no_escopo_tecnico","src/context/CustomerAuthContext.tsx; src/lib/siteSupabaseConfig.ts; src/pages/CustomerLoginPage.tsx; src/pages/AuthConfirmPage.tsx; src/pages/SetPasswordPage.tsx","Login opcional com escolhas de método; visitante consegue solicitar sem conta.","Revisão anterior confrontada com planos e diff; critério pendente permanece. Não representa novo teste individual desta linha.","b789e45f3171ce56a9e5eff4f8bbb3d6acc145c7","f20df4452f0d70f295154b0ba8bd9af8f8be64dd"
"UX72","Campos de autenticação","I","I","nenhuma_no_escopo_tecnico","src/context/CustomerAuthContext.tsx; src/lib/siteSupabaseConfig.ts; src/pages/CustomerLoginPage.tsx; src/pages/AuthConfirmPage.tsx; src/pages/SetPasswordPage.tsx; e2e/smoke.spec.ts; playwright.config.ts; .github/workflows/quality.yml; docs/audits/plan-review-20260912/simulations.json","Campos validação mostrar senha e mensagens implementados/testados.","Revisão anterior confrontada com planos e diff; critério pendente permanece. Não representa novo teste individual desta linha.","b789e45f3171ce56a9e5eff4f8bbb3d6acc145c7","f20df4452f0d70f295154b0ba8bd9af8f8be64dd"
"UX73","Recuperação e expiração","P","P","validacao_operacao","src/context/CustomerAuthContext.tsx; src/lib/siteSupabaseConfig.ts; src/pages/CustomerLoginPage.tsx; src/pages/AuthConfirmPage.tsx; src/pages/SetPasswordPage.tsx","Callback e recuperação implementados; e-mail real expiração reenvio e redefinição não reexecutados nesta revisão.","Revisão anterior confrontada com planos e diff; critério pendente permanece. Não representa novo teste individual desta linha.","b789e45f3171ce56a9e5eff4f8bbb3d6acc145c7","f20df4452f0d70f295154b0ba8bd9af8f8be64dd"
"UX74","Histórico por campanha","I","I","nenhuma_no_escopo_tecnico","src/pages/CustomerAccountPage.tsx; src/pages/CustomerQuotePage.tsx; src/lib/customerAccount.ts; api/customer-proposals.ts; tests/api/customer-proposals.test.ts; site-supabase/supabase/migrations; site-supabase/supabase/tests/database/customer_portal.test.sql; site-supabase/supabase/tests/database/lead_storage.test.sql; docs/audits/plan-review-20260912/database-readonly.json","Lista por titular com busca filtros paginação e nome de ação implementada.","Revisão anterior confrontada com planos e diff; critério pendente permanece. Não representa novo teste individual desta linha.","b789e45f3171ce56a9e5eff4f8bbb3d6acc145c7","f20df4452f0d70f295154b0ba8bd9af8f8be64dd"
"UX75","Timeline acionável","P","P","operacao","src/pages/CustomerAccountPage.tsx; src/pages/CustomerQuotePage.tsx; src/lib/customerAccount.ts; api/customer-proposals.ts; tests/api/customer-proposals.test.ts; README.md; api/_lib/siteDatabase.ts; src/pages/AboutPage.tsx; src/pages/ContactPage.tsx; src/pages/PrivacyPage.tsx; docs/EXECUCAO_CORRECOES_20260912.md; e2e/smoke.spec.ts; tests/api/lead-requests.test.ts; src/lib/quoteItems.test.ts","B04 corrigido; eventos reais do banco continuam disponíveis. Responsável, SLA e evidência do fluxo operacional ainda não fechados.","Reavaliado pelo delta de implementação, fontes atuais e evidências especificadas no relatório de fechamento.","b789e45f3171ce56a9e5eff4f8bbb3d6acc145c7","f20df4452f0d70f295154b0ba8bd9af8f8be64dd"
"UX76","Versões de proposta","P","P","operacao_validacao","src/pages/CustomerAccountPage.tsx; src/pages/CustomerQuotePage.tsx; src/lib/customerAccount.ts; api/customer-proposals.ts; tests/api/customer-proposals.test.ts; src/lib/customerAccount.test.ts; e2e/smoke.spec.ts","B06 encerrado: última versão vencida recebe indicação de validade encerrada. Permanece aceite publicação real de PDF, titular autorizado, expiração do link e recuperação.","Reavaliado pelo delta de implementação, fontes atuais e evidências especificadas no relatório de fechamento.","b789e45f3171ce56a9e5eff4f8bbb3d6acc145c7","f20df4452f0d70f295154b0ba8bd9af8f8be64dd"
"UX77","Pedidos de ajuste","P","P","operacao_validacao","src/pages/CustomerAccountPage.tsx; src/pages/CustomerQuotePage.tsx; src/lib/customerAccount.ts; api/customer-proposals.ts; tests/api/customer-proposals.test.ts; site-supabase/supabase/migrations; site-supabase/supabase/tests/database/customer_portal.test.sql; site-supabase/supabase/tests/database/lead_storage.test.sql; docs/audits/plan-review-20260912/database-readonly.json","Ajuste idempotente e recuperação do detalhe implementados. Falta comprovar que o pedido chega ao responsável e percorre a operação; também falta cenário de troca de ID com ajuste em edição.","Reavaliado pelo delta de implementação, fontes atuais e evidências especificadas no relatório de fechamento.","b789e45f3171ce56a9e5eff4f8bbb3d6acc145c7","f20df4452f0d70f295154b0ba8bd9af8f8be64dd"
"UX78","Repetir campanha sem perda","P","I","nenhuma_no_escopo_tecnico","src/pages/CustomerAccountPage.tsx; src/pages/CustomerQuotePage.tsx; src/lib/customerAccount.ts; api/customer-proposals.ts; tests/api/customer-proposals.test.ts; src/pages/ProductPage.tsx; src/components/ProductCard.tsx; src/lib/productBadges.ts; api/_lib/catalogValidation.ts; docs/audits/plan-review-20260912/simulations.json; src/lib/quoteItems.ts; src/lib/quoteItems.test.ts; e2e/smoke.spec.ts","Repetição agora consulta catálogo atual antes de substituir, preserva referências removidas como bloqueios visíveis e confirma troca de seleção existente.","Reavaliado pelo delta de implementação, fontes atuais e evidências especificadas no relatório de fechamento.","b789e45f3171ce56a9e5eff4f8bbb3d6acc145c7","f20df4452f0d70f295154b0ba8bd9af8f8be64dd"
"UX79","Isolamento e compartilhamento","P","P","validacao_operacao","src/context/CustomerAuthContext.tsx; src/lib/siteSupabaseConfig.ts; src/pages/CustomerLoginPage.tsx; src/pages/AuthConfirmPage.tsx; src/pages/SetPasswordPage.tsx; site-supabase/supabase/migrations; site-supabase/supabase/tests/database/customer_portal.test.sql; site-supabase/supabase/tests/database/lead_storage.test.sql; docs/audits/plan-review-20260912/database-readonly.json; src/pages/QuotePage.tsx; src/lib/quoteDraft.ts; src/lib/quoteBriefing.ts; src/lib/http.ts; api/_lib/contracts.ts; tests/api/lead-requests.test.ts; docs/audits/plan-review-20260912/simulations.json; docs/audits/closure-review-20260912/logout.mjs; src/components/BriefingAssetUploader.test.tsx; e2e/smoke.spec.ts","R08 corrigido e isolamentos cobertos por SQL/E2E. Resultados tardios de upload após logout/troca de identidade são descartados. Homologação completa de sessão em produção e ensaio assistivo seguem distintos.","Revisão de implementação e contratos em 22/09; validação local discriminada em EXECUCAO_COMPLEMENTAR_20260922.md. Teste automatizado não substitui aceite operacional ou pesquisa.","b789e45f3171ce56a9e5eff4f8bbb3d6acc145c7","25be22f768a6714aa04e0ccff06b0f556a7b8b7c"
"UX80","Dados e preferências","P","P","aceite_privacidade","src/pages/QuotePage.tsx; src/lib/quoteDraft.ts; src/lib/quoteBriefing.ts; src/lib/http.ts; api/_lib/contracts.ts; tests/api/lead-requests.test.ts; docs/audits/plan-review-20260912/simulations.json; site-supabase/supabase/migrations; site-supabase/supabase/tests/database/customer_portal.test.sql; site-supabase/supabase/tests/database/lead_storage.test.sql; docs/audits/plan-review-20260912/database-readonly.json; README.md; api/_lib/siteDatabase.ts; src/pages/AboutPage.tsx; src/pages/ContactPage.tsx; src/pages/PrivacyPage.tsx; src/context/CustomerAuthContext.tsx; docs/audits/closure-review-20260912/logout.mjs; docs/RUNBOOK_PEDIDO_TITULAR.md; e2e/smoke.spec.ts","Limpeza entre sessões foi corrigida; runbook de solicitação do titular existe. Resta homologação operacional de acesso/apagamento e preferências; não confundir teste de isolamento com operação de atendimento.","Revisão de implementação e contratos em 22/09; validação local discriminada em EXECUCAO_COMPLEMENTAR_20260922.md. Teste automatizado não substitui aceite operacional ou pesquisa.","b789e45f3171ce56a9e5eff4f8bbb3d6acc145c7","25be22f768a6714aa04e0ccff06b0f556a7b8b7c"
"UX81","Online/PDF/revista distintos","I","I","nenhuma_no_escopo_tecnico","src/lib/catalogLibrary.ts; src/pages/CatalogsPage.tsx; src/lib/catalogLibrary.test.ts","Tipos online PDF digital distintos; dez publicações atuais são explicitamente online.","Revisão anterior confrontada com planos e diff; critério pendente permanece. Não representa novo teste individual desta linha.","b789e45f3171ce56a9e5eff4f8bbb3d6acc145c7","f20df4452f0d70f295154b0ba8bd9af8f8be64dd"
"UX82","Capas com produtos reais","I","I","nenhuma_no_escopo_tecnico","src/lib/catalogLibrary.ts; src/pages/CatalogsPage.tsx; src/lib/catalogLibrary.test.ts","Capas consultam produtos reais com carregamento e fallback.","Revisão anterior confrontada com planos e diff; critério pendente permanece. Não representa novo teste individual desta linha.","b789e45f3171ce56a9e5eff4f8bbb3d6acc145c7","f20df4452f0d70f295154b0ba8bd9af8f8be64dd"
"UX83","Coleções por campanha","P","I","nenhuma_no_escopo_tecnico","shared/catalogEditorial.ts; src/lib/catalogLibrary.ts; src/pages/CatalogsPage.tsx; src/lib/catalogLibrary.test.ts; api/_lib/curatedPagePreviews.ts; tests/api/curated-page-previews.test.ts","Dez coleções têm responsável, publicação, revisão e prazo de nova revisão em fonte compartilhada pelo site, HTML inicial e sitemap.","Ciclo editorial e sincronização das rotas públicas validados por testes em 22/09/2026; pertinência comercial continua acompanhada nas linhas específicas de curadoria.","b789e45f3171ce56a9e5eff4f8bbb3d6acc145c7","909b1eff043a45690a8b08f3b0f55d1dd624474f"
"UX84","Governar publicações/downloads","N","P","material_editorial","shared/catalogEditorial.ts; src/lib/catalogLibrary.ts; src/pages/CatalogsPage.tsx; src/lib/catalogLibrary.test.ts; api/_lib/curatedPagePreviews.ts; tests/api/curated-page-previews.test.ts","Publicação, rascunho, retirada, revisão e expiração agora governam biblioteca, preview e sitemap. Ainda faltam os PDFs/revistas aprovados, sua localização e o controle operacional dos arquivos.","Infraestrutura e falha fechada entregues em 22/09/2026; não foi inventado acervo nem direito de publicação.","b789e45f3171ce56a9e5eff4f8bbb3d6acc145c7","909b1eff043a45690a8b08f3b0f55d1dd624474f"
"UX85","Oportunidades futuras","I","I","nenhuma_no_escopo_tecnico","src/lib/commemorativeDates.ts; src/pages/CommemorativeDatesPage.tsx; src/lib/commemorativeDates.test.ts","Próximas oportunidades priorizadas sem esconder passadas; virada de ano coberta.","Revisão anterior confrontada com planos e diff; critério pendente permanece. Não representa novo teste individual desta linha.","b789e45f3171ce56a9e5eff4f8bbb3d6acc145c7","f20df4452f0d70f295154b0ba8bd9af8f8be64dd"
"UX86","Proximidade e viabilidade","P","P","validacao_operacao","src/lib/commemorativeDates.ts; src/pages/CommemorativeDatesPage.tsx; src/lib/commemorativeDates.test.ts; README.md; api/_lib/siteDatabase.ts; src/pages/AboutPage.tsx; src/pages/ContactPage.tsx; src/pages/PrivacyPage.tsx","Janelas são orientativas; viabilidade comercial não comprovada por esses cálculos.","Revisão anterior confrontada com planos e diff; critério pendente permanece. Não representa novo teste individual desta linha.","b789e45f3171ce56a9e5eff4f8bbb3d6acc145c7","f20df4452f0d70f295154b0ba8bd9af8f8be64dd"
"UX87","Agenda móvel","I","I","nenhuma_no_escopo_tecnico","src/lib/commemorativeDates.ts; src/pages/CommemorativeDatesPage.tsx; src/lib/commemorativeDates.test.ts; e2e/smoke.spec.ts; playwright.config.ts; .github/workflows/quality.yml; docs/audits/plan-review-20260912/simulations.json","Lista calendário filtros e detalhes móveis presentes/testados.","Revisão anterior confrontada com planos e diff; critério pendente permanece. Não representa novo teste individual desta linha.","b789e45f3171ce56a9e5eff4f8bbb3d6acc145c7","f20df4452f0d70f295154b0ba8bd9af8f8be64dd"
"UX88","Favoritos no planejamento","P","P","validacao_operacao","src/lib/commemorativeDates.ts; src/pages/CommemorativeDatesPage.tsx; src/lib/commemorativeDates.test.ts","Favoritos locais por ocasião e desfazer presentes; sincronização por conta ainda ausente.","Revisão anterior confrontada com planos e diff; critério pendente permanece. Não representa novo teste individual desta linha.","b789e45f3171ce56a9e5eff4f8bbb3d6acc145c7","f20df4452f0d70f295154b0ba8bd9af8f8be64dd"
"UX89","Exportação de calendário","P","P","validacao_operacao","src/lib/commemorativeDates.ts; src/pages/CommemorativeDatesPage.tsx; src/lib/commemorativeDates.test.ts","ICS com datas móveis escape e UID testado; importação/reimportação em calendários reais pendente.","Revisão anterior confrontada com planos e diff; critério pendente permanece. Não representa novo teste individual desta linha.","b789e45f3171ce56a9e5eff4f8bbb3d6acc145c7","f20df4452f0d70f295154b0ba8bd9af8f8be64dd"
"UX90","Ocasião→coleção→briefing","I","I","nenhuma_no_escopo_tecnico","src/lib/commemorativeDates.ts; src/pages/CommemorativeDatesPage.tsx; src/lib/commemorativeDates.test.ts; src/lib/campaignPresets.ts; src/lib/ideaLandings.ts; src/lib/catalogLibrary.ts; src/components/CampaignFinder.tsx; src/pages/QuotePage.tsx; src/lib/quoteDraft.ts; src/lib/quoteBriefing.ts; src/lib/http.ts; api/_lib/contracts.ts; tests/api/lead-requests.test.ts; docs/audits/plan-review-20260912/simulations.json","Contexto de ocasião segue até o briefing e pode ser revisado.","Revisão anterior confrontada com planos e diff; critério pendente permanece. Não representa novo teste individual desta linha.","b789e45f3171ce56a9e5eff4f8bbb3d6acc145c7","f20df4452f0d70f295154b0ba8bd9af8f8be64dd"
"UX91","Compradores reais","E","E","material_pesquisa_operacao","docs/PLANO_UX_100_ETAPAS_20260909.md; docs/RELATORIO_EXPERIENCIA_MARKETING_GEN_Z_20260909.md; docs/audits/plan-review-20260912/http-production.json","Sem pesquisa documentada com participantes reais.","Revisão anterior confrontada com planos e diff; critério pendente permanece. Não representa novo teste individual desta linha.","b789e45f3171ce56a9e5eff4f8bbb3d6acc145c7","f20df4452f0d70f295154b0ba8bd9af8f8be64dd"
"UX92","Funil com minimização","P","P","codigo_validacao","src/lib/analytics.ts; src/lib/analytics.test.ts; scripts/check-performance-budget.mjs; src/App.tsx","Parâmetros e UUID privado redigidos; recebimento deduplicação e suporte do plano para eventos não certificados.","Revisão anterior confrontada com planos e diff; critério pendente permanece. Não representa novo teste individual desta linha.","b789e45f3171ce56a9e5eff4f8bbb3d6acc145c7","f20df4452f0d70f295154b0ba8bd9af8f8be64dd"
"UX93","Orçamento de desempenho","P","P","validacao_operacao","src/lib/analytics.ts; src/lib/analytics.test.ts; scripts/check-performance-budget.mjs; src/App.tsx; e2e/smoke.spec.ts; playwright.config.ts; .github/workflows/quality.yml; docs/audits/plan-review-20260912/simulations.json","Budget de assets aprovado; sem evidência de CWV p75 em campo ou baseline comparável.","Revisão anterior confrontada com planos e diff; critério pendente permanece. Não representa novo teste individual desta linha.","b789e45f3171ce56a9e5eff4f8bbb3d6acc145c7","f20df4452f0d70f295154b0ba8bd9af8f8be64dd"
"UX94","Acessibilidade manual","P","P","validacao_operacao","e2e/smoke.spec.ts; playwright.config.ts; .github/workflows/quality.yml; docs/audits/plan-review-20260912/simulations.json","Axe nos templates e testes de teclado passam; leitor de tela zoom e reflow completos não avaliados.","Revisão anterior confrontada com planos e diff; critério pendente permanece. Não representa novo teste individual desta linha.","b789e45f3171ce56a9e5eff4f8bbb3d6acc145c7","f20df4452f0d70f295154b0ba8bd9af8f8be64dd"
"UX95","Dispositivos/navegadores reais","P","P","dispositivos_fisicos","e2e/smoke.spec.ts; playwright.config.ts; .github/workflows/quality.yml; docs/audits/plan-review-20260912/simulations.json; docs/EXECUCAO_CORRECOES_20260912.md; tests/api/lead-requests.test.ts; src/lib/quoteItems.test.ts","Chromium desktop/mobile e Firefox/WebKit fazem parte dos gates. Emulação não certifica Safari/iOS ou Android físicos, teclado virtual e matriz assistiva completa.","Revisão de implementação e contratos em 22/09; validação local discriminada em EXECUCAO_COMPLEMENTAR_20260922.md. Teste automatizado não substitui aceite operacional ou pesquisa.","b789e45f3171ce56a9e5eff4f8bbb3d6acc145c7","25be22f768a6714aa04e0ccff06b0f556a7b8b7c"
"UX96","Movimento intencional","I","I","nenhuma_no_escopo_tecnico","src/pages/HomePage.tsx; src/styles.css; e2e/smoke.spec.ts; playwright.config.ts; .github/workflows/quality.yml; docs/audits/plan-review-20260912/simulations.json","Fold/Glitch pontuais com movimento reduzido coberto; conteúdo textual preservado.","Revisão anterior confrontada com planos e diff; critério pendente permanece. Não representa novo teste individual desta linha.","b789e45f3171ce56a9e5eff4f8bbb3d6acc145c7","f20df4452f0d70f295154b0ba8bd9af8f8be64dd"
"UX97","SEO técnico","P","P","validacao_operacao","api/site-page.ts; api/_lib/curatedPagePreviews.ts; api/product-page.ts; api/_lib/publicProductPage.ts; api/sitemap.ts; tests/api/site-page.test.ts; tests/api/sitemap.test.ts; vercel.json","Metadados, canonical, 404 e sitemap incluem produtos, coleções curadas e datas do ano vigente. Permanecem o acompanhamento de indexação em ferramenta externa e a validação dos previews nos canais reais.","Contratos de HTML e sitemap reavaliados em 22/09; indexação por buscadores não pode ser certificada por teste local.","b789e45f3171ce56a9e5eff4f8bbb3d6acc145c7","fabb52bc0acbbe8146da7c0ceabada13316991db"
"UX98","Dados seguros/reversíveis","P","P","ensaio_restore","site-supabase/supabase/migrations; site-supabase/supabase/tests/database/customer_portal.test.sql; site-supabase/supabase/tests/database/lead_storage.test.sql; docs/audits/plan-review-20260912/database-readonly.json; api/notifications.ts; api/_lib/leadHandler.ts; site-supabase/supabase/migrations/20260912170000_add_quote_notification_outbox.sql; docs/audits/closure-review-20260912/notifications.mjs; docs/audits/closure-review-20260912/outbox.sql; docs/RUNBOOK_RESTORE_SITE.md; site-supabase/supabase/tests/database/shared_selection_priorities.test.sql","Banco isolado recebeu as migrations até 20260922200000; suíte local tem 441 asserções SQL. Runbook de restore existe, mas não houve drill de restauração de produção com RPO/RTO medidos.","Revisão de implementação e contratos em 22/09; validação local discriminada em EXECUCAO_COMPLEMENTAR_20260922.md. Teste automatizado não substitui aceite operacional ou pesquisa.","b789e45f3171ce56a9e5eff4f8bbb3d6acc145c7","25be22f768a6714aa04e0ccff06b0f556a7b8b7c"
"UX99","Matriz ponta a ponta/resiliência","P","P","validacao_operacao","e2e/smoke.spec.ts; playwright.config.ts; .github/workflows/quality.yml; docs/audits/plan-review-20260912/simulations.json; docs/EXECUCAO_CORRECOES_20260912.md; tests/api/lead-requests.test.ts; src/lib/quoteItems.test.ts; api/notifications.ts; api/_lib/leadHandler.ts; site-supabase/supabase/migrations/20260912170000_add_quote_notification_outbox.sql; docs/audits/closure-review-20260912/notifications.mjs; docs/audits/closure-review-20260912/outbox.sql; src/context/CustomerAuthContext.tsx; src/pages/QuotePage.tsx; docs/audits/closure-review-20260912/logout.mjs; tests/api/notifications.test.ts; src/components/BriefingAssetUploader.test.tsx","B01–B07 e R01–R04/R08 contam com correções e testes; esta rodada acrescenta kits, alternativas e upload após troca de sessão. Entrega real de provedores e falhas operacionais extremas seguem sem homologação.","Revisão de implementação e contratos em 22/09; validação local discriminada em EXECUCAO_COMPLEMENTAR_20260922.md. Teste automatizado não substitui aceite operacional ou pesquisa.","b789e45f3171ce56a9e5eff4f8bbb3d6acc145c7","25be22f768a6714aa04e0ccff06b0f556a7b8b7c"
"UX100","Publicar e reavaliar","P","P","aceite_integral","e2e/smoke.spec.ts; playwright.config.ts; .github/workflows/quality.yml; docs/audits/plan-review-20260912/simulations.json; api/site-page.ts; api/product-page.ts; api/_lib/publicProductPage.ts; api/sitemap.ts; vercel.json; docs/audits/plan-review-20260912/http-production.json; site-supabase/supabase/migrations; site-supabase/supabase/tests/database/customer_portal.test.sql; site-supabase/supabase/tests/database/lead_storage.test.sql; docs/audits/plan-review-20260912/database-readonly.json; docs/EXECUCAO_COMPLEMENTAR_20260922.md; docs/MATRIZ_INDEX.md","Base 91653ab publicada com gates verdes; novas correções registradas no relatório de execução atual. Deploy e ledger alinhados não encerram critérios de conteúdo, pesquisa, operação ou funções ainda parciais.","Revisão de implementação e contratos em 22/09; validação local discriminada em EXECUCAO_COMPLEMENTAR_20260922.md. Teste automatizado não substitui aceite operacional ou pesquisa.","b789e45f3171ce56a9e5eff4f8bbb3d6acc145c7","9ae117724c1842cebb020a53ebb98de2779ee118"
"LK01","Linha de base real","I","I","nenhuma_no_escopo_tecnico","docs/PLANO_UX_100_ETAPAS_20260909.md; docs/RELATORIO_EXPERIENCIA_MARKETING_GEN_Z_20260909.md; docs/audits/plan-review-20260912/http-production.json","Linha de base atualizada com commit HTTP browser e pg_catalog separados.","Revisão anterior confrontada com planos e diff; critério pendente permanece. Não representa novo teste individual desta linha.","b789e45f3171ce56a9e5eff4f8bbb3d6acc145c7","f20df4452f0d70f295154b0ba8bd9af8f8be64dd"
"LK02","Tarefas com compradores","E","E","material_pesquisa_operacao","docs/PLANO_UX_100_ETAPAS_20260909.md; docs/RELATORIO_EXPERIENCIA_MARKETING_GEN_Z_20260909.md; docs/audits/plan-review-20260912/http-production.json","Sessões com compradores não localizadas.","Revisão anterior confrontada com planos e diff; critério pendente permanece. Não representa novo teste individual desta linha.","b789e45f3171ce56a9e5eff4f8bbb3d6acc145c7","f20df4452f0d70f295154b0ba8bd9af8f8be64dd"
"LK03","Acervo autorizado","E","E","material_pesquisa_operacao","README.md; api/_lib/siteDatabase.ts; src/pages/AboutPage.tsx; src/pages/ContactPage.tsx; src/pages/PrivacyPage.tsx","Inventário de material autorizado e direitos de uso não encontrado.","Revisão anterior confrontada com planos e diff; critério pendente permanece. Não representa novo teste individual desta linha.","b789e45f3171ce56a9e5eff4f8bbb3d6acc145c7","f20df4452f0d70f295154b0ba8bd9af8f8be64dd"
"LK04","Contratos visuais/marca","I","I","nenhuma_no_escopo_tecnico","src/pages/HomePage.tsx; src/styles.css; e2e/smoke.spec.ts; src/pages/ProductPage.tsx; src/components/ProductCard.tsx; src/lib/productBadges.ts; api/_lib/catalogValidation.ts; docs/audits/plan-review-20260912/simulations.json","Tokens frases e badge único presentes; validação humana do redesign é separada.","Revisão anterior confrontada com planos e diff; critério pendente permanece. Não representa novo teste individual desta linha.","b789e45f3171ce56a9e5eff4f8bbb3d6acc145c7","f20df4452f0d70f295154b0ba8bd9af8f8be64dd"
"LK05","Protótipo antes do desenvolvimento","P","P","validacao_operacao","docs/PLANO_UX_100_ETAPAS_20260909.md; docs/RELATORIO_EXPERIENCIA_MARKETING_GEN_Z_20260909.md; docs/audits/plan-review-20260912/http-production.json; src/components/Layout.tsx; src/App.tsx; e2e/smoke.spec.ts","Interface construída; protótipos e aceite prévios com público não comprovados.","Revisão anterior confrontada com planos e diff; critério pendente permanece. Não representa novo teste individual desta linha.","b789e45f3171ce56a9e5eff4f8bbb3d6acc145c7","f20df4452f0d70f295154b0ba8bd9af8f8be64dd"
"LK06","Hero fotográfico próprio","P","P","validacao_operacao","src/pages/HomePage.tsx; src/styles.css; e2e/smoke.spec.ts; README.md; api/_lib/siteDatabase.ts; src/pages/AboutPage.tsx; src/pages/ContactPage.tsx; src/pages/PrivacyPage.tsx","Hero ilustrativo próprio existe; acervo real de execução autorizada ainda pendente.","Revisão anterior confrontada com planos e diff; critério pendente permanece. Não representa novo teste individual desta linha.","b789e45f3171ce56a9e5eff4f8bbb3d6acc145c7","f20df4452f0d70f295154b0ba8bd9af8f8be64dd"
"LK07","Hero móvel","I","I","nenhuma_no_escopo_tecnico","src/pages/HomePage.tsx; src/styles.css; e2e/smoke.spec.ts; playwright.config.ts; .github/workflows/quality.yml; docs/audits/plan-review-20260912/simulations.json","Hero com texto HTML e recortes responsivos; motion reduzido testado.","Revisão anterior confrontada com planos e diff; critério pendente permanece. Não representa novo teste individual desta linha.","b789e45f3171ce56a9e5eff4f8bbb3d6acc145c7","f20df4452f0d70f295154b0ba8bd9af8f8be64dd"
"LK08","Manifesto protegido","I","I","nenhuma_no_escopo_tecnico","src/pages/HomePage.tsx; src/styles.css; e2e/smoke.spec.ts; playwright.config.ts; .github/workflows/quality.yml; docs/audits/plan-review-20260912/simulations.json","Quatro frases reunidas e cobertas em desktop/mobile.","Revisão anterior confrontada com planos e diff; critério pendente permanece. Não representa novo teste individual desta linha.","b789e45f3171ce56a9e5eff4f8bbb3d6acc145c7","f20df4452f0d70f295154b0ba8bd9af8f8be64dd"
"LK09","Reduzir repetição da home","P","P","pesquisa_compradores","src/pages/HomePage.tsx; src/styles.css; e2e/smoke.spec.ts","Vitrine de produtos foi antecipada sem remover o manifesto. Resta observar descoberta e redundância com compradores.","Revisão de implementação e contratos em 22/09; validação local discriminada em EXECUCAO_COMPLEMENTAR_20260922.md. Teste automatizado não substitui aceite operacional ou pesquisa.","b789e45f3171ce56a9e5eff4f8bbb3d6acc145c7","25be22f768a6714aa04e0ccff06b0f556a7b8b7c"
"LK10","Categorias fotográficas","N","N","entrega_ausente","src/pages/HomePage.tsx; src/styles.css; e2e/smoke.spec.ts","Categorias principais continuam iconográficas; entradas fotográficas não entregues.","Revisão anterior confrontada com planos e diff; critério pendente permanece. Não representa novo teste individual desta linha.","b789e45f3171ce56a9e5eff4f8bbb3d6acc145c7","f20df4452f0d70f295154b0ba8bd9af8f8be64dd"
"LK11","Cabeçalho por tarefas","I","I","nenhuma_no_escopo_tecnico","src/components/Layout.tsx; src/App.tsx; e2e/smoke.spec.ts","Cabeçalho por tarefas disponível.","Revisão anterior confrontada com planos e diff; critério pendente permanece. Não representa novo teste individual desta linha.","b789e45f3171ce56a9e5eff4f8bbb3d6acc145c7","f20df4452f0d70f295154b0ba8bd9af8f8be64dd"
"LK12","Menu visual de categorias","P","P","codigo_validacao","src/components/Layout.tsx; src/App.tsx; e2e/smoke.spec.ts; src/lib/catalog.ts; src/lib/search.ts; src/pages/CatalogPage.tsx; src/components/CatalogFilterPanel.tsx; src/lib/catalog.test.ts; src/lib/search.test.ts","Menu e agrupamentos acessíveis; dimensão fotográfica e teste de localização pendentes.","Revisão anterior confrontada com planos e diff; critério pendente permanece. Não representa novo teste individual desta linha.","b789e45f3171ce56a9e5eff4f8bbb3d6acc145c7","f20df4452f0d70f295154b0ba8bd9af8f8be64dd"
"LK13","Navegação móvel","I","I","nenhuma_no_escopo_tecnico","src/components/Layout.tsx; src/App.tsx; e2e/smoke.spec.ts; playwright.config.ts; .github/workflows/quality.yml; docs/audits/plan-review-20260912/simulations.json","Busca seleção e filtros móveis cobertos.","Revisão anterior confrontada com planos e diff; critério pendente permanece. Não representa novo teste individual desta linha.","b789e45f3171ce56a9e5eff4f8bbb3d6acc145c7","f20df4452f0d70f295154b0ba8bd9af8f8be64dd"
"LK14","Coleções por campanha","P","P","validacao_operacao","src/lib/campaignPresets.ts; src/lib/ideaLandings.ts; src/lib/catalogLibrary.ts; src/components/CampaignFinder.tsx","Coleções existem; onboarding corrigido; pertinência/distinção comercial não certificada.","Revisão anterior confrontada com planos e diff; critério pendente permanece. Não representa novo teste individual desta linha.","b789e45f3171ce56a9e5eff4f8bbb3d6acc145c7","f20df4452f0d70f295154b0ba8bd9af8f8be64dd"
"LK15","Editorial com revisão/validade","P","I","nenhuma_no_escopo_tecnico","shared/catalogEditorial.ts; src/lib/catalogLibrary.ts; src/pages/CatalogsPage.tsx; src/lib/catalogLibrary.test.ts; api/_lib/curatedPagePreviews.ts; tests/api/curated-page-previews.test.ts","Coleções possuem responsável, estado editorial, publicação, última revisão, revisão futura e expiração opcional; rascunho/retirada/expirado não são publicados.","Governança compartilhada e cenários negativos automatizados em 22/09/2026.","b789e45f3171ce56a9e5eff4f8bbb3d6acc145c7","909b1eff043a45690a8b08f3b0f55d1dd624474f"
"LK16","Imagens e fallback","I","I","nenhuma_no_escopo_tecnico","src/pages/ProductPage.tsx; src/components/ProductCard.tsx; src/lib/productBadges.ts; api/_lib/catalogValidation.ts; docs/audits/plan-review-20260912/simulations.json; src/lib/catalogLibrary.ts; src/pages/CatalogsPage.tsx; src/lib/catalogLibrary.test.ts","Dimensões carregamento e fallback implementados; amostra tinha fotos principais ausentes com alternativas.","Revisão anterior confrontada com planos e diff; critério pendente permanece. Não representa novo teste individual desta linha.","b789e45f3171ce56a9e5eff4f8bbb3d6acc145c7","f20df4452f0d70f295154b0ba8bd9af8f8be64dd"
"LK17","Curadoria real","P","P","validacao_operacao","src/lib/campaignPresets.ts; src/lib/ideaLandings.ts; src/lib/catalogLibrary.ts; src/components/CampaignFinder.tsx; src/lib/catalog.ts; src/lib/search.ts; src/pages/CatalogPage.tsx; src/components/CatalogFilterPanel.tsx; src/lib/catalog.test.ts; src/lib/search.test.ts","Produtos públicos reais; curadoria por propósito/diversidade ainda sem julgamento comercial.","Revisão anterior confrontada com planos e diff; critério pendente permanece. Não representa novo teste individual desta linha.","b789e45f3171ce56a9e5eff4f8bbb3d6acc145c7","f20df4452f0d70f295154b0ba8bd9af8f8be64dd"
"LK18","Um badge por card","I","I","nenhuma_no_escopo_tecnico","src/pages/ProductPage.tsx; src/components/ProductCard.tsx; src/lib/productBadges.ts; api/_lib/catalogValidation.ts; docs/audits/plan-review-20260912/simulations.json; e2e/smoke.spec.ts; playwright.config.ts; .github/workflows/quality.yml","Um badge por card testado em todas as combinações previstas.","Revisão anterior confrontada com planos e diff; critério pendente permanece. Não representa novo teste individual desta linha.","b789e45f3171ce56a9e5eff4f8bbb3d6acc145c7","f20df4452f0d70f295154b0ba8bd9af8f8be64dd"
"LK19","Informações no card","I","I","nenhuma_no_escopo_tecnico","src/pages/ProductPage.tsx; src/components/ProductCard.tsx; src/lib/productBadges.ts; api/_lib/catalogValidation.ts; docs/audits/plan-review-20260912/simulations.json","Card mostra mínimo/cores/resumo; mínimo desconhecido recebe Quantidade a confirmar. Regras de múltiplos permanecem em LK23.","Reavaliado pelo delta de implementação, fontes atuais e evidências especificadas no relatório de fechamento.","b789e45f3171ce56a9e5eff4f8bbb3d6acc145c7","f20df4452f0d70f295154b0ba8bd9af8f8be64dd"
"LK20","Busca aprofundada","P","P","validacao_operacao","src/lib/catalog.ts; src/lib/search.ts; src/pages/CatalogPage.tsx; src/components/CatalogFilterPanel.tsx; src/lib/catalog.test.ts; src/lib/search.test.ts","Busca semântica leve e correções existem; falta amostra real julgada.","Revisão anterior confrontada com planos e diff; critério pendente permanece. Não representa novo teste individual desta linha.","b789e45f3171ce56a9e5eff4f8bbb3d6acc145c7","f20df4452f0d70f295154b0ba8bd9af8f8be64dd"
"LK21","Galeria","I","I","nenhuma_no_escopo_tecnico","src/pages/ProductPage.tsx; src/components/ProductCard.tsx; src/lib/productBadges.ts; api/_lib/catalogValidation.ts; docs/audits/plan-review-20260912/simulations.json; e2e/smoke.spec.ts; playwright.config.ts; .github/workflows/quality.yml","Galeria miniaturas zoom e fallback implementados.","Revisão anterior confrontada com planos e diff; critério pendente permanece. Não representa novo teste individual desta linha.","b789e45f3171ce56a9e5eff4f8bbb3d6acc145c7","f20df4452f0d70f295154b0ba8bd9af8f8be64dd"
"LK22","Técnica/personalização","P","P","validacao_operacao","src/pages/ProductPage.tsx; src/components/ProductCard.tsx; src/lib/productBadges.ts; api/_lib/catalogValidation.ts; docs/audits/plan-review-20260912/simulations.json; README.md; api/_lib/siteDatabase.ts; src/pages/AboutPage.tsx; src/pages/ContactPage.tsx; src/pages/PrivacyPage.tsx","Ficha e FAQ disponíveis; lastro de personalização e revisão por família incompletos.","Revisão anterior confrontada com planos e diff; critério pendente permanece. Não representa novo teste individual desta linha.","b789e45f3171ce56a9e5eff4f8bbb3d6acc145c7","f20df4452f0d70f295154b0ba8bd9af8f8be64dd"
"LK23","Mínimo/múltiplo/estimativa","P","P","dados_codigo","src/pages/ProductPage.tsx; src/components/ProductCard.tsx; src/lib/productBadges.ts; api/_lib/catalogValidation.ts; docs/audits/plan-review-20260912/simulations.json; src/pages/QuotePage.tsx; src/lib/quoteDraft.ts; src/lib/quoteBriefing.ts; src/lib/http.ts; api/_lib/contracts.ts; tests/api/lead-requests.test.ts; docs/EXECUCAO_CORRECOES_20260912.md; e2e/smoke.spec.ts; src/lib/quoteItems.test.ts","B02 e B07 corrigidos. Contrato não modela múltiplo de compra confirmado quando aplicável; é necessário levantar dados comerciais e diferenciar mínimo/múltiplo/estimativa.","Reavaliado pelo delta de implementação, fontes atuais e evidências especificadas no relatório de fechamento.","b789e45f3171ce56a9e5eff4f8bbb3d6acc145c7","f20df4452f0d70f295154b0ba8bd9af8f8be64dd"
"LK24","Comparar três produtos","I","I","nenhuma_no_escopo_tecnico","src/context/QuoteCartContext.tsx; src/components/QuoteDrawer.tsx; src/lib/quoteItems.ts; src/lib/catalogComparison.ts; src/context/QuoteCartContext.test.ts; src/lib/catalog.ts; src/lib/search.ts; src/pages/CatalogPage.tsx; src/components/CatalogFilterPanel.tsx; src/lib/catalog.test.ts; src/lib/search.test.ts","Até três produtos comparáveis com persistência em sessão.","Revisão anterior confrontada com planos e diff; critério pendente permanece. Não representa novo teste individual desta linha.","b789e45f3171ce56a9e5eff4f8bbb3d6acc145c7","f20df4452f0d70f295154b0ba8bd9af8f8be64dd"
"LK25","Relacionados/compartilhar produto","P","P","validacao_operacao","src/pages/ProductPage.tsx; src/components/ProductCard.tsx; src/lib/productBadges.ts; api/_lib/catalogValidation.ts; docs/audits/plan-review-20260912/simulations.json; src/lib/campaignPresets.ts; src/lib/ideaLandings.ts; src/lib/catalogLibrary.ts; src/components/CampaignFinder.tsx","Compartilhar/relacionados presentes; diversidade por intenção e todos os cancelamentos nativos sem aceite.","Revisão anterior confrontada com planos e diff; critério pendente permanece. Não representa novo teste individual desta linha.","b789e45f3171ce56a9e5eff4f8bbb3d6acc145c7","f20df4452f0d70f295154b0ba8bd9af8f8be64dd"
"LK26","SKU kit versus composição","P","I","nenhuma_no_escopo_tecnico","src/pages/ProductPage.tsx; src/components/ProductCard.tsx; src/lib/productBadges.ts; src/pages/KitBuilderPage.tsx; src/lib/kitBuilder.ts; src/types.ts","Badge de kit continua representando SKU do catálogo; a rota Monte seu kit cria composição do visitante com identificador próprio, sem alterar o catálogo canônico.","Reavaliado por inspeção de tipos, fluxo E2E do montador e persistência isolada.","203a4a7dd27b9c9e9cfb4b06ab95dbd2c939bf28","df76f67297d41b9edfc30ae2ad3522c45e26e6da"
"LK27","Modelos de composição","N","P","validacao_operacao","src/lib/kitBuilder.ts; src/lib/kitBuilder.test.ts; src/pages/KitBuilderPage.tsx","Três estruturas neutras permitem escolher produtos reais e substituí-los; sugestões comerciais por intenção ainda dependem de curadoria aprovada.","Reavaliado por testes do construtor e E2E desktop/mobile; estado parcial preserva a dependência editorial.","203a4a7dd27b9c9e9cfb4b06ab95dbd2c939bf28","df76f67297d41b9edfc30ae2ad3522c45e26e6da"
"LK28","Escolher/substituir componentes","N","I","nenhuma_no_escopo_tecnico","src/pages/KitBuilderPage.tsx; src/lib/kitBuilder.ts; src/lib/kitBuilder.test.ts; e2e/smoke.spec.ts","Composição flexível oferece dois componentes obrigatórios e dois opcionais. Adição, substituição e remoção preservam seleção e totais; testes cobrem retirar extra e impedir kit incompleto.","Revisão de implementação e contratos em 22/09; validação local discriminada em EXECUCAO_COMPLEMENTAR_20260922.md. Teste automatizado não substitui aceite operacional ou pesquisa.","203a4a7dd27b9c9e9cfb4b06ab95dbd2c939bf28","25be22f768a6714aa04e0ccff06b0f556a7b8b7c"
"LK29","Aritmética dos conjuntos","N","I","nenhuma_no_escopo_tecnico","src/lib/kitBuilder.ts; src/context/quoteCartReducer.ts; src/context/QuoteCartContext.test.ts; src/components/QuoteDrawer.tsx; src/pages/KitBuilderPage.tsx; src/lib/quoteItems.ts; src/lib/quoteItems.test.ts; api/_lib/contracts.ts; site-supabase/supabase/migrations/20260922160000_preserve_kit_composition.sql; site-supabase/supabase/migrations/20260922210000_close_selection_and_asset_integrity_gaps.sql; site-supabase/supabase/tests/database/kit_composition.test.sql; site-supabase/supabase/tests/database/selection_asset_integrity.test.sql; e2e/smoke.spec.ts","Número de kits × unidades por componente respeita mínimos, inteiros, teto global e consistência de grupo em frontend, drawer, transmissão, API e banco. Mutação individual é redirecionada ao grupo e payload adulterado falha fechado.","Reavaliado com testes unitários/API, 458 asserções pgTAP no conjunto do banco e E2E desktop/mobile com foco de teclado e posição do resumo.","203a4a7dd27b9c9e9cfb4b06ab95dbd2c939bf28","ef97fc75e4109b90e5b25d14d9418d6557bb4640"
"LK30","Composição no briefing","P","I","nenhuma_no_escopo_tecnico","src/lib/quoteItems.ts; src/lib/quoteRequest.ts; src/lib/customerSelections.ts; src/lib/sharedSelection.ts; src/context/quoteCartReducer.ts; src/components/QuoteDrawer.tsx; src/pages/QuotePage.tsx; api/_lib/contracts.ts; api/_lib/sharedSelections.ts; site-supabase/supabase/migrations/20260922160000_preserve_kit_composition.sql; site-supabase/supabase/migrations/20260922170000_preserve_kits_in_customer_selections.sql; site-supabase/supabase/migrations/20260922180000_preserve_kits_in_shared_selections.sql; site-supabase/supabase/migrations/20260922210000_close_selection_and_asset_integrity_gaps.sql","Grupo, nome, quantidade de kits e unidades por componente sobrevivem ao rascunho local, conta, compartilhamento, envio e histórico. Serialização estrita recusa truncamento, arredondamento ou desmembramento; colisões e kits unitários não degradam silenciosamente.","Reavaliado por testes unitários, API, pgTAP e E2E do montador, drawer, compartilhamento e briefing.","203a4a7dd27b9c9e9cfb4b06ab95dbd2c939bf28","ef97fc75e4109b90e5b25d14d9418d6557bb4640"
"LK31","Prova social autorizada","E","E","material_pesquisa_operacao","README.md; api/_lib/siteDatabase.ts; src/pages/AboutPage.tsx; src/pages/ContactPage.tsx; src/pages/PrivacyPage.tsx","Prova social autorizada depende de acervo e validação.","Revisão anterior confrontada com planos e diff; critério pendente permanece. Não representa novo teste individual desta linha.","b789e45f3171ce56a9e5eff4f8bbb3d6acc145c7","f20df4452f0d70f295154b0ba8bd9af8f8be64dd"
"LK32","Três cases reais","E","E","material_pesquisa_operacao","src/pages/HomePage.tsx; src/styles.css; e2e/smoke.spec.ts; README.md; api/_lib/siteDatabase.ts; src/pages/AboutPage.tsx; src/pages/ContactPage.tsx; src/pages/PrivacyPage.tsx","Três cases reais verificáveis não publicados.","Revisão anterior confrontada com planos e diff; critério pendente permanece. Não representa novo teste individual desta linha.","b789e45f3171ce56a9e5eff4f8bbb3d6acc145c7","f20df4452f0d70f295154b0ba8bd9af8f8be64dd"
"LK33","Personalização em detalhe","E","E","material_pesquisa_operacao","src/pages/ProductPage.tsx; src/components/ProductCard.tsx; src/lib/productBadges.ts; api/_lib/catalogValidation.ts; docs/audits/plan-review-20260912/simulations.json; README.md; api/_lib/siteDatabase.ts; src/pages/AboutPage.tsx; src/pages/ContactPage.tsx; src/pages/PrivacyPage.tsx","Fotos correspondentes de peça-base simulação e produção real precisam material autorizado.","Revisão anterior confrontada com planos e diff; critério pendente permanece. Não representa novo teste individual desta linha.","b789e45f3171ce56a9e5eff4f8bbb3d6acc145c7","f20df4452f0d70f295154b0ba8bd9af8f8be64dd"
"LK34","Time e bastidores","E","E","material_pesquisa_operacao","src/pages/HomePage.tsx; src/styles.css; e2e/smoke.spec.ts; README.md; api/_lib/siteDatabase.ts; src/pages/AboutPage.tsx; src/pages/ContactPage.tsx; src/pages/PrivacyPage.tsx","Bastidores e pessoas reais precisam conteúdo e autorização de imagem.","Revisão anterior confrontada com planos e diff; critério pendente permanece. Não representa novo teste individual desta linha.","b789e45f3171ce56a9e5eff4f8bbb3d6acc145c7","f20df4452f0d70f295154b0ba8bd9af8f8be64dd"
"LK35","Qualidade/ambiente comprovados","P","P","validacao_operacao","README.md; api/_lib/siteDatabase.ts; src/pages/AboutPage.tsx; src/pages/ContactPage.tsx; src/pages/PrivacyPage.tsx; src/pages/ProductPage.tsx; src/components/ProductCard.tsx; src/lib/productBadges.ts; api/_lib/catalogValidation.ts; docs/audits/plan-review-20260912/simulations.json","Linguagem cautelosa existe; lastro documental de alegações não integralmente demonstrado.","Revisão anterior confrontada com planos e diff; critério pendente permanece. Não representa novo teste individual desta linha.","b789e45f3171ce56a9e5eff4f8bbb3d6acc145c7","f20df4452f0d70f295154b0ba8bd9af8f8be64dd"
"LK36","Catálogo editorial nativo","P","P","validacao_operacao","src/lib/catalogLibrary.ts; src/pages/CatalogsPage.tsx; src/lib/catalogLibrary.test.ts; src/lib/campaignPresets.ts; src/lib/ideaLandings.ts; src/components/CampaignFinder.tsx","Coleções online nativas funcionam; revisão editorial e curadoria ainda parciais.","Revisão anterior confrontada com planos e diff; critério pendente permanece. Não representa novo teste individual desta linha.","b789e45f3171ce56a9e5eff4f8bbb3d6acc145c7","f20df4452f0d70f295154b0ba8bd9af8f8be64dd"
"LK37","Compartilhar seleção inteira","P","P","validacao_operacao","src/lib/sharedSelection.ts; src/pages/SharedSelectionPage.tsx; api/shared-selections.ts; tests/api/shared-selections.test.ts; src/lib/sharedSelection.test.ts; site-supabase/supabase/migrations; site-supabase/supabase/tests/database/customer_portal.test.sql; site-supabase/supabase/tests/database/lead_storage.test.sql; docs/audits/plan-review-20260912/database-readonly.json","Link persistente com 50 itens e revogação implementados; falta novo ciclo real no deployment e contrato de composição.","Revisão anterior confrontada com planos e diff; critério pendente permanece. Não representa novo teste individual desta linha.","b789e45f3171ce56a9e5eff4f8bbb3d6acc145c7","f20df4452f0d70f295154b0ba8bd9af8f8be64dd"
"LK38","Exportar para aprovação","P","I","nenhuma_no_escopo_tecnico","src/pages/QuotePage.tsx; src/styles.css; src/lib/sharedSelection.ts; src/pages/SharedSelectionPage.tsx; e2e/smoke.spec.ts","Links preservam composição e alternativas; impressão gera PDF A4 multipágina legível com imagens e itens íntegros para aprovação.","Contratos de compartilhamento anteriores e PDF extenso real validado no Chromium em 22/09/2026.","b789e45f3171ce56a9e5eff4f8bbb3d6acc145c7","909b1eff043a45690a8b08f3b0f55d1dd624474f"
"LK39","Guias úteis","P","P","validacao_operacao","src/lib/campaignPresets.ts; src/lib/ideaLandings.ts; src/lib/catalogLibrary.ts; src/components/CampaignFinder.tsx; README.md; api/_lib/siteDatabase.ts; src/pages/AboutPage.tsx; src/pages/ContactPage.tsx; src/pages/PrivacyPage.tsx","Landings explicativas presentes; autoria revisão e profundidade prática ainda pendentes.","Revisão anterior confrontada com planos e diff; critério pendente permanece. Não representa novo teste individual desta linha.","b789e45f3171ce56a9e5eff4f8bbb3d6acc145c7","f20df4452f0d70f295154b0ba8bd9af8f8be64dd"
"LK40","Projeto especial","E","E","material_pesquisa_operacao","README.md; api/_lib/siteDatabase.ts; src/pages/AboutPage.tsx; src/pages/ContactPage.tsx; src/pages/PrivacyPage.tsx","Jornada de desenvolvimento especial depende de confirmação comercial do serviço.","Revisão anterior confrontada com planos e diff; critério pendente permanece. Não representa novo teste individual desta linha.","b789e45f3171ce56a9e5eff4f8bbb3d6acc145c7","f20df4452f0d70f295154b0ba8bd9af8f8be64dd"
"LK41","Selecionar versus enviar","I","I","nenhuma_no_escopo_tecnico","src/context/QuoteCartContext.tsx; src/components/QuoteDrawer.tsx; src/lib/quoteItems.ts; src/lib/catalogComparison.ts; src/context/QuoteCartContext.test.ts; src/pages/QuotePage.tsx; src/lib/quoteDraft.ts; src/lib/quoteBriefing.ts; src/lib/http.ts; api/_lib/contracts.ts; tests/api/lead-requests.test.ts; docs/audits/plan-review-20260912/simulations.json","Salvar e solicitar diferenciados; tela de sucesso exige protocolo do endpoint quando habilitado.","Revisão anterior confrontada com planos e diff; critério pendente permanece. Não representa novo teste individual desta linha.","b789e45f3171ce56a9e5eff4f8bbb3d6acc145c7","f20df4452f0d70f295154b0ba8bd9af8f8be64dd"
"LK42","Formulário enxuto","P","P","pesquisa_compradores","src/pages/QuotePage.tsx; src/lib/quoteDraft.ts; src/lib/quoteBriefing.ts; src/lib/http.ts; api/_lib/contracts.ts; tests/api/lead-requests.test.ts; docs/audits/plan-review-20260912/simulations.json; src/context/CustomerAuthContext.tsx; docs/audits/closure-review-20260912/logout.mjs; e2e/smoke.spec.ts; docs/GUIA_DE_VOZ.md","Limpeza R08 e troca de sessão corrigidas/testadas. Resta medir esforço do formulário e validar linguagem com compradores.","Revisão de implementação e contratos em 22/09; validação local discriminada em EXECUCAO_COMPLEMENTAR_20260922.md. Teste automatizado não substitui aceite operacional ou pesquisa.","b789e45f3171ce56a9e5eff4f8bbb3d6acc145c7","25be22f768a6714aa04e0ccff06b0f556a7b8b7c"
"LK43","Logo/referências privadas","N","I","nenhuma_no_escopo_tecnico","src/components/BriefingAssetUploader.tsx; src/lib/briefingAssets.ts; api/briefing-assets.ts; api/_lib/fileSignatures.ts; api/retention.ts; site-supabase/supabase/migrations/20260922150000_add_private_briefing_assets.sql; site-supabase/supabase/migrations/20260922220000_verify_briefing_asset_content.sql; site-supabase/supabase/tests/database/briefing_assets.test.sql; tests/api/briefing-assets.test.ts","Logo e referências ficam privados por titular, expiram, não atravessam troca de sessão e têm assinatura binária inspecionada no backend antes de qualquer vínculo ao briefing.","Reset integral, pgTAP e testes adversariais da API em 22/09; o item compartilha implementação com UX65, sem dupla contagem de recurso.","203a4a7dd27b9c9e9cfb4b06ab95dbd2c939bf28","fabb52bc0acbbe8146da7c0ceabada13316991db"
"LK44","WhatsApp iniciado pelo visitante","P","P","validacao_operacao","src/components/Layout.tsx; src/App.tsx; e2e/smoke.spec.ts; README.md; api/_lib/siteDatabase.ts; src/pages/AboutPage.tsx; src/pages/ContactPage.tsx; src/pages/PrivacyPage.tsx","WhatsApp iniciado pelo visitante existe; operação/destinatário oficial precisam validação.","Revisão anterior confrontada com planos e diff; critério pendente permanece. Não representa novo teste individual desta linha.","b789e45f3171ce56a9e5eff4f8bbb3d6acc145c7","f20df4452f0d70f295154b0ba8bd9af8f8be64dd"
"LK45","E-mail auditável","N","P","adiado_usuario","README.md; api/_lib/siteDatabase.ts; src/pages/AboutPage.tsx; src/pages/ContactPage.tsx; src/pages/PrivacyPage.tsx; site-supabase/supabase/migrations; site-supabase/supabase/tests/database/customer_portal.test.sql; site-supabase/supabase/tests/database/lead_storage.test.sql; docs/audits/plan-review-20260912/database-readonly.json; api/notifications.ts; api/_lib/leadHandler.ts; site-supabase/supabase/migrations/20260912170000_add_quote_notification_outbox.sql; docs/audits/closure-review-20260912/notifications.mjs; docs/audits/closure-review-20260912/outbox.sql; api/notification-events-resend.ts; tests/api/notifications.test.ts","Resend, outbox, callbacks e recuperação implementados. Configuração e recebimento real adiados; conteúdo integral da cópia ainda requer revisão comercial.","Revisão de implementação e contratos em 22/09; validação local discriminada em EXECUCAO_COMPLEMENTAR_20260922.md. Teste automatizado não substitui aceite operacional ou pesquisa.","b789e45f3171ce56a9e5eff4f8bbb3d6acc145c7","25be22f768a6714aa04e0ccff06b0f556a7b8b7c"
"LK46","Acessibilidade contínua","P","P","validacao_operacao","e2e/smoke.spec.ts; playwright.config.ts; .github/workflows/quality.yml; docs/audits/plan-review-20260912/simulations.json","Automação e padrões existem; revisão assistiva e física pendente.","Revisão anterior confrontada com planos e diff; critério pendente permanece. Não representa novo teste individual desta linha.","b789e45f3171ce56a9e5eff4f8bbb3d6acc145c7","f20df4452f0d70f295154b0ba8bd9af8f8be64dd"
"LK47","Desempenho real","P","P","validacao_operacao","src/lib/analytics.ts; src/lib/analytics.test.ts; scripts/check-performance-budget.mjs; src/App.tsx","Budget aprovado; CWV e comparação de uso real ausentes.","Revisão anterior confrontada com planos e diff; critério pendente permanece. Não representa novo teste individual desta linha.","b789e45f3171ce56a9e5eff4f8bbb3d6acc145c7","f20df4452f0d70f295154b0ba8bd9af8f8be64dd"
"LK48","SEO sem checkout","P","P","validacao_operacao","api/site-page.ts; api/product-page.ts; api/_lib/publicProductPage.ts; api/sitemap.ts; vercel.json; docs/audits/plan-review-20260912/http-production.json","Shell corrigido e sem ofertas fictícias; prévias específicas/indexação fina não encerradas.","Revisão anterior confrontada com planos e diff; critério pendente permanece. Não representa novo teste individual desta linha.","b789e45f3171ce56a9e5eff4f8bbb3d6acc145c7","f20df4452f0d70f295154b0ba8bd9af8f8be64dd"
"LK49","Medir funil seguro","P","P","validacao_operacao","src/lib/analytics.ts; src/lib/analytics.test.ts; scripts/check-performance-budget.mjs; src/App.tsx","Redação de URLs corrigida; entrega deduplicação e interpretação do funil pendentes.","Revisão anterior confrontada com planos e diff; critério pendente permanece. Não representa novo teste individual desta linha.","b789e45f3171ce56a9e5eff4f8bbb3d6acc145c7","f20df4452f0d70f295154b0ba8bd9af8f8be64dd"
"LK50","Publicar com reversão","P","P","aceite_integral","e2e/smoke.spec.ts; playwright.config.ts; .github/workflows/quality.yml; docs/audits/plan-review-20260912/simulations.json; site-supabase/supabase/migrations; site-supabase/supabase/tests/database/customer_portal.test.sql; site-supabase/supabase/tests/database/lead_storage.test.sql; docs/audits/plan-review-20260912/database-readonly.json; docs/MATRIZ_INDEX.md; docs/EXECUCAO_COMPLEMENTAR_20260922.md","Gates e publicação da base 91653ab aprovados; correções complementares têm testes e migration aditiva. Aceite integral depende também dos critérios humanos e pendências explícitas no índice.","Revisão de implementação e contratos em 22/09; validação local discriminada em EXECUCAO_COMPLEMENTAR_20260922.md. Teste automatizado não substitui aceite operacional ou pesquisa.","b789e45f3171ce56a9e5eff4f8bbb3d6acc145c7","9ae117724c1842cebb020a53ebb98de2779ee118"
"GR01","Delimitar raiz/site","I","I","nenhuma_no_escopo_tecnico","scripts/graphify.mjs; .graphify.project.json; .github/workflows/graphify.yml; tests/graphify-tools.node.mjs; docs/GRAPHIFY.md","Wrapper fixa raiz e corpus do site.","Revisão anterior confrontada com planos e diff; critério pendente permanece. Não representa novo teste individual desta linha.","b789e45f3171ce56a9e5eff4f8bbb3d6acc145c7","f20df4452f0d70f295154b0ba8bd9af8f8be64dd"
"GR02","Linha de base","I","I","nenhuma_no_escopo_tecnico","scripts/graphify.mjs; .graphify.project.json; .github/workflows/graphify.yml; tests/graphify-tools.node.mjs; docs/GRAPHIFY.md","Metadados fingerprint e commit de origem registrados; status atual no corpus técnico.","Revisão anterior confrontada com planos e diff; critério pendente permanece. Não representa novo teste individual desta linha.","b789e45f3171ce56a9e5eff4f8bbb3d6acc145c7","f20df4452f0d70f295154b0ba8bd9af8f8be64dd"
"GR03","Dez perguntas de valor","P","I","nenhuma_no_escopo_tecnico","scripts/graphify.mjs; .graphify.project.json; .github/workflows/graphify.yml; tests/graphify-tools.node.mjs; docs/GRAPHIFY.md; docs/graphify-benchmark.json","Dez perguntas estruturais versionadas e benchmark reproduzível com busca direta, conforme escopo técnico adotado. Não mede entendimento humano ou precisão semântica.","Revisão de implementação e contratos em 22/09; validação local discriminada em EXECUCAO_COMPLEMENTAR_20260922.md. Teste automatizado não substitui aceite operacional ou pesquisa.","b789e45f3171ce56a9e5eff4f8bbb3d6acc145c7","25be22f768a6714aa04e0ccff06b0f556a7b8b7c"
"GR04","Responsabilidades","P","P","validacao_operacao","scripts/graphify.mjs; .graphify.project.json; .github/workflows/graphify.yml; tests/graphify-tools.node.mjs; docs/GRAPHIFY.md","Papéis técnicos definidos; responsável nominal e transferência não registrados.","Revisão anterior confrontada com planos e diff; critério pendente permanece. Não representa novo teste individual desta linha.","b789e45f3171ce56a9e5eff4f8bbb3d6acc145c7","f20df4452f0d70f295154b0ba8bd9af8f8be64dd"
"GR05","Decisão arquitetural","I","I","nenhuma_no_escopo_tecnico","scripts/graphify.mjs; .graphify.project.json; .github/workflows/graphify.yml; tests/graphify-tools.node.mjs; docs/GRAPHIFY.md","Ferramenta de engenharia local/CI sem dependência do runtime.","Revisão anterior confrontada com planos e diff; critério pendente permanece. Não representa novo teste individual desta linha.","b789e45f3171ce56a9e5eff4f8bbb3d6acc145c7","f20df4452f0d70f295154b0ba8bd9af8f8be64dd"
"GR06","Versão/ambiente fixos","I","I","nenhuma_no_escopo_tecnico","scripts/graphify.mjs; .graphify.project.json; .github/workflows/graphify.yml; tests/graphify-tools.node.mjs; docs/GRAPHIFY.md","Graphify 0.9.48 fixado em configuração e CI.","Revisão anterior confrontada com planos e diff; critério pendente permanece. Não representa novo teste individual desta linha.","b789e45f3171ce56a9e5eff4f8bbb3d6acc145c7","f20df4452f0d70f295154b0ba8bd9af8f8be64dd"
"GR07","Configuração versionada","I","I","nenhuma_no_escopo_tecnico","scripts/graphify.mjs; .graphify.project.json; .github/workflows/graphify.yml; tests/graphify-tools.node.mjs; docs/GRAPHIFY.md","Configuração versionada e validada pelo wrapper.","Revisão anterior confrontada com planos e diff; critério pendente permanece. Não representa novo teste individual desta linha.","b789e45f3171ce56a9e5eff4f8bbb3d6acc145c7","f20df4452f0d70f295154b0ba8bd9af8f8be64dd"
"GR08","Corpus inicial","P","P","escopo_documental","scripts/graphify.mjs; .graphify.project.json; .github/workflows/graphify.yml; tests/graphify-tools.node.mjs; docs/GRAPHIFY.md","Extração atual percorreu 259 arquivos de código e gerou 1647 nós/3287 relações. Corpus documental/semântico permanece separado e não implementado; não confundir arquivos varridos com cobertura de todos os símbolos.","Revisão de implementação e contratos em 22/09; validação local discriminada em EXECUCAO_COMPLEMENTAR_20260922.md. Teste automatizado não substitui aceite operacional ou pesquisa.","b789e45f3171ce56a9e5eff4f8bbb3d6acc145c7","25be22f768a6714aa04e0ccff06b0f556a7b8b7c"
"GR09","Exclusões e caminhos","I","I","nenhuma_no_escopo_tecnico","scripts/graphify.mjs; .graphify.project.json; .github/workflows/graphify.yml; tests/graphify-tools.node.mjs; docs/GRAPHIFY.md","Raiz extensões exclusões e symlinks controlados no wrapper; teste hostil integral fica em GR45.","Revisão anterior confrontada com planos e diff; critério pendente permanece. Não representa novo teste individual desta linha.","b789e45f3171ce56a9e5eff4f8bbb3d6acc145c7","f20df4452f0d70f295154b0ba8bd9af8f8be64dd"
"GR10","Armazenamento/retenção","I","I","nenhuma_no_escopo_tecnico","scripts/graphify.mjs; .graphify.project.json; .github/workflows/graphify.yml; tests/graphify-tools.node.mjs; docs/GRAPHIFY.md","Grafo ignorado no Git e artefatos CI com retenção de 14 dias.","Revisão anterior confrontada com planos e diff; critério pendente permanece. Não representa novo teste individual desta linha.","b789e45f3171ce56a9e5eff4f8bbb3d6acc145c7","f20df4452f0d70f295154b0ba8bd9af8f8be64dd"
"GR11","Doctor","I","I","nenhuma_no_escopo_tecnico","scripts/graphify.mjs; .graphify.project.json; .github/workflows/graphify.yml; tests/graphify-tools.node.mjs; docs/GRAPHIFY.md","Doctor disponível com diagnóstico de versão/raiz.","Revisão anterior confrontada com planos e diff; critério pendente permanece. Não representa novo teste individual desta linha.","b789e45f3171ce56a9e5eff4f8bbb3d6acc145c7","f20df4452f0d70f295154b0ba8bd9af8f8be64dd"
"GR12","Geração estrutural sem IA","I","I","nenhuma_no_escopo_tecnico","scripts/graphify.mjs; .graphify.project.json; .github/workflows/graphify.yml; tests/graphify-tools.node.mjs; docs/GRAPHIFY.md","Extração estrutural code-only sem uso de chaves de IA ou Supabase.","Revisão anterior confrontada com planos e diff; critério pendente permanece. Não representa novo teste individual desta linha.","b789e45f3171ce56a9e5eff4f8bbb3d6acc145c7","f20df4452f0d70f295154b0ba8bd9af8f8be64dd"
"GR13","Reconstruir mapa","I","I","nenhuma_no_escopo_tecnico","scripts/graphify.mjs; .graphify.project.json; .github/workflows/graphify.yml; tests/graphify-tools.node.mjs; docs/GRAPHIFY.md","Mapa atual validado: 1099 nós e 2416 relações, gerado a partir de f20df44; artefatos não são entregues no frontend.","Reavaliado pelo delta de implementação, fontes atuais e evidências especificadas no relatório de fechamento.","b789e45f3171ce56a9e5eff4f8bbb3d6acc145c7","f20df4452f0d70f295154b0ba8bd9af8f8be64dd"
"GR14","Direção das relações","A","I","nenhuma_no_escopo_tecnico","scripts/graphify.mjs; .graphify.project.json; .github/workflows/graphify.yml; tests/graphify-tools.node.mjs; docs/GRAPHIFY.md; docs/GOVERNANCA_FECHAMENTO.md","Decisão arquitetural datada: manter relações não direcionadas e declarar a limitação; o produto não anuncia causalidade que a extração não prova.","Decisão registrada em 15/09/2026; npm run graph:check confirma a propriedade do grafo.","b789e45f3171ce56a9e5eff4f8bbb3d6acc145c7","9ae117724c1842cebb020a53ebb98de2779ee118"
"GR15","Identidades/caminhos","P","P","validacao_operacao","scripts/graphify.mjs; .graphify.project.json; .github/workflows/graphify.yml; tests/graphify-tools.node.mjs; docs/GRAPHIFY.md","Caminhos normalizados; homônimos aliases e chamadas indiretas ainda sem amostra completa.","Revisão anterior confrontada com planos e diff; critério pendente permanece. Não representa novo teste individual desta linha.","b789e45f3171ce56a9e5eff4f8bbb3d6acc145c7","f20df4452f0d70f295154b0ba8bd9af8f8be64dd"
"GR16","Evidência por relação","P","P","validacao_operacao","scripts/graphify.mjs; .graphify.project.json; .github/workflows/graphify.yml; tests/graphify-tools.node.mjs; docs/GRAPHIFY.md","Nó mostra fonte/linha; auditabilidade e classificação por relação não integralmente validadas.","Revisão anterior confrontada com planos e diff; critério pendente permanece. Não representa novo teste individual desta linha.","b789e45f3171ce56a9e5eff4f8bbb3d6acc145c7","f20df4452f0d70f295154b0ba8bd9af8f8be64dd"
"GR17","Integridade do grafo","I","I","nenhuma_no_escopo_tecnico","scripts/graphify.mjs; .graphify.project.json; .github/workflows/graphify.yml; tests/graphify-tools.node.mjs; docs/GRAPHIFY.md","IDs endpoints e caminhos inválidos bloqueados por validadores/testes.","Revisão anterior confrontada com planos e diff; critério pendente permanece. Não representa novo teste individual desta linha.","b789e45f3171ce56a9e5eff4f8bbb3d6acc145c7","f20df4452f0d70f295154b0ba8bd9af8f8be64dd"
"GR18","Comunidades","P","P","validacao_operacao","scripts/graphify.mjs; .graphify.project.json; .github/workflows/graphify.yml; tests/graphify-tools.node.mjs; docs/GRAPHIFY.md","Comunidades automáticas com nomes genéricos; curadoria de nomes/coesão não concluída.","Revisão anterior confrontada com planos e diff; critério pendente permanece. Não representa novo teste individual desta linha.","b789e45f3171ce56a9e5eff4f8bbb3d6acc145c7","f20df4452f0d70f295154b0ba8bd9af8f8be64dd"
"GR19","Saídas JSON/relatório/HTML","I","I","nenhuma_no_escopo_tecnico","scripts/graphify.mjs; .graphify.project.json; .github/workflows/graphify.yml; tests/graphify-tools.node.mjs; docs/GRAPHIFY.md","JSON HTML e relatório gerados no mesmo processo.","Revisão anterior confrontada com planos e diff; critério pendente permanece. Não representa novo teste individual desta linha.","b789e45f3171ce56a9e5eff4f8bbb3d6acc145c7","f20df4452f0d70f295154b0ba8bd9af8f8be64dd"
"GR20","Promoção atômica","P","P","codigo_validacao","scripts/graphify.mjs; .graphify.project.json; .github/workflows/graphify.yml; tests/graphify-tools.node.mjs; docs/GRAPHIFY.md","Candidato e lock existem; ausência de teste integral de interrupção/disco cheio.","Revisão anterior confrontada com planos e diff; critério pendente permanece. Não representa novo teste individual desta linha.","b789e45f3171ce56a9e5eff4f8bbb3d6acc145c7","f20df4452f0d70f295154b0ba8bd9af8f8be64dd"
"GR21","Query/path/explain","P","I","nenhuma_no_escopo_tecnico","scripts/graphify.mjs; .graphify.project.json; .github/workflows/graphify.yml; tests/graphify-tools.node.mjs; docs/GRAPHIFY.md","Wrapper oferece query, path e explain; caminho mínimo, direção disponível, ambiguidade e ausência são testados. Saída preserva fontes e limites do grafo.","Revisão de implementação e contratos em 22/09; validação local discriminada em EXECUCAO_COMPLEMENTAR_20260922.md. Teste automatizado não substitui aceite operacional ou pesquisa.","b789e45f3171ce56a9e5eff4f8bbb3d6acc145c7","25be22f768a6714aa04e0ccff06b0f556a7b8b7c"
"GR22","Vocabulário português","I","I","nenhuma_no_escopo_tecnico","scripts/graphify.mjs; .graphify.project.json; .github/workflows/graphify.yml; tests/graphify-tools.node.mjs; docs/GRAPHIFY.md","Aliases em português e expansão textual implementados/testados.","Revisão anterior confrontada com planos e diff; critério pendente permanece. Não representa novo teste individual desta linha.","b789e45f3171ce56a9e5eff4f8bbb3d6acc145c7","f20df4452f0d70f295154b0ba8bd9af8f8be64dd"
"GR23","Limites de contexto","I","I","nenhuma_no_escopo_tecnico","scripts/graphify.mjs; .graphify.project.json; .github/workflows/graphify.yml; tests/graphify-tools.node.mjs; docs/GRAPHIFY.md","Consulta limitada a 1200 tokens e truncamento explicitado.","Revisão anterior confrontada com planos e diff; critério pendente permanece. Não representa novo teste individual desta linha.","b789e45f3171ce56a9e5eff4f8bbb3d6acc145c7","f20df4452f0d70f295154b0ba8bd9af8f8be64dd"
"GR24","Impacto direcional","A","I","nenhuma_no_escopo_tecnico","scripts/graphify.mjs; .graphify.project.json; .github/workflows/graphify.yml; tests/graphify-tools.node.mjs; docs/GRAPHIFY.md; docs/GOVERNANCA_FECHAMENTO.md","Decisão arquitetural datada: graph:impact é uma vizinhança técnica com aviso explícito, usada para orientar leitura e testes, não para alegar dependentes causais.","Decisão registrada em 15/09/2026; testes do wrapper e documentação preservam o limite.","b789e45f3171ce56a9e5eff4f8bbb3d6acc145c7","9ae117724c1842cebb020a53ebb98de2779ee118"
"GR25","Impacto→testes","P","P","codigo_validacao","scripts/graphify.mjs; .graphify.project.json; .github/workflows/graphify.yml; tests/graphify-tools.node.mjs; docs/GRAPHIFY.md","Navegação até testes possível; seleção de testes afetados não validada por benchmark.","Revisão anterior confrontada com planos e diff; critério pendente permanece. Não representa novo teste individual desta linha.","b789e45f3171ce56a9e5eff4f8bbb3d6acc145c7","f20df4452f0d70f295154b0ba8bd9af8f8be64dd"
"GR26","Atualização incremental","A","I","nenhuma_no_escopo_tecnico","scripts/graphify.mjs; .graphify.project.json; .github/workflows/graphify.yml; tests/graphify-tools.node.mjs; docs/GRAPHIFY.md; docs/GOVERNANCA_FECHAMENTO.md","Decisão arquitetural datada: para este corpus pequeno, graph:update é uma reconstrução completa e atômica, preferida à atualização incremental que poderia ocultar corrupção estrutural.","Decisão registrada em 15/09/2026; npm run graph:update e graph:check validam o mapa promovido.","b789e45f3171ce56a9e5eff4f8bbb3d6acc145c7","9ae117724c1842cebb020a53ebb98de2779ee118"
"GR27","Renomes/exclusões/branches","P","P","validacao_operacao","scripts/graphify.mjs; .graphify.project.json; .github/workflows/graphify.yml; tests/graphify-tools.node.mjs; docs/GRAPHIFY.md","Rebuild/status tratam corpus; matriz de renome branch e exclusão incompleta.","Revisão anterior confrontada com planos e diff; critério pendente permanece. Não representa novo teste individual desta linha.","b789e45f3171ce56a9e5eff4f8bbb3d6acc145c7","f20df4452f0d70f295154b0ba8bd9af8f8be64dd"
"GR28","Atualidade/check","I","I","nenhuma_no_escopo_tecnico","scripts/graphify.mjs; .graphify.project.json; .github/workflows/graphify.yml; tests/graphify-tools.node.mjs; docs/GRAPHIFY.md","Status/check por fingerprint disponíveis e executados.","Revisão anterior confrontada com planos e diff; critério pendente permanece. Não representa novo teste individual desta linha.","b789e45f3171ce56a9e5eff4f8bbb3d6acc145c7","f20df4452f0d70f295154b0ba8bd9af8f8be64dd"
"GR29","Instruções aos agentes","I","I","nenhuma_no_escopo_tecnico","scripts/graphify.mjs; .graphify.project.json; .github/workflows/graphify.yml; tests/graphify-tools.node.mjs; docs/GRAPHIFY.md","AGENTS do site orienta consulta e conferência nas fontes.","Revisão anterior confrontada com planos e diff; critério pendente permanece. Não representa novo teste individual desta linha.","b789e45f3171ce56a9e5eff4f8bbb3d6acc145c7","f20df4452f0d70f295154b0ba8bd9af8f8be64dd"
"GR30","Hooks Git","A","I","nenhuma_no_escopo_tecnico","scripts/graphify.mjs; .graphify.project.json; .github/workflows/graphify.yml; tests/graphify-tools.node.mjs; docs/GRAPHIFY.md; docs/GOVERNANCA_FECHAMENTO.md","Decisão arquitetural datada: não instalar hooks locais; comando explícito e workflow reproduzível mantêm a geração observável em todos os clones.","Decisão registrada em 15/09/2026; workflow gera e valida o artefato em pull requests e main.","b789e45f3171ce56a9e5eff4f8bbb3d6acc145c7","9ae117724c1842cebb020a53ebb98de2779ee118"
"GR31","Documentos selecionados","P","P","codigo_validacao","scripts/graphify.mjs; .graphify.project.json; .github/workflows/graphify.yml; tests/graphify-tools.node.mjs; docs/GRAPHIFY.md","Pass de documentação previsto; nenhum .md representado no grafo atual.","Revisão anterior confrontada com planos e diff; critério pendente permanece. Não representa novo teste individual desta linha.","b789e45f3171ce56a9e5eff4f8bbb3d6acc145c7","f20df4452f0d70f295154b0ba8bd9af8f8be64dd"
"GR32","Pass semântico separado","P","P","codigo_validacao","scripts/graphify.mjs; .graphify.project.json; .github/workflows/graphify.yml; tests/graphify-tools.node.mjs; docs/GRAPHIFY.md","Automação estrutural isolada; pass semântico separado não entregue.","Revisão anterior confrontada com planos e diff; critério pendente permanece. Não representa novo teste individual desta linha.","b789e45f3171ce56a9e5eff4f8bbb3d6acc145c7","f20df4452f0d70f295154b0ba8bd9af8f8be64dd"
"GR33","Contratos até RPC/SQL","P","P","codigo_validacao","scripts/graphify.mjs; .graphify.project.json; .github/workflows/graphify.yml; tests/graphify-tools.node.mjs; docs/GRAPHIFY.md; site-supabase/supabase/migrations; site-supabase/supabase/tests/database/customer_portal.test.sql; site-supabase/supabase/tests/database/lead_storage.test.sql; docs/audits/plan-review-20260912/database-readonly.json","SQL está no grafo; cadeia completa payload-handler-RPC-migration ainda não validada.","Revisão anterior confrontada com planos e diff; critério pendente permanece. Não representa novo teste individual desta linha.","b789e45f3171ce56a9e5eff4f8bbb3d6acc145c7","f20df4452f0d70f295154b0ba8bd9af8f8be64dd"
"GR34","Fronteiras dos bancos","P","P","codigo_validacao","scripts/graphify.mjs; .graphify.project.json; .github/workflows/graphify.yml; tests/graphify-tools.node.mjs; docs/GRAPHIFY.md; site-supabase/supabase/migrations; site-supabase/supabase/tests/database/customer_portal.test.sql; site-supabase/supabase/tests/database/lead_storage.test.sql; docs/audits/plan-review-20260912/database-readonly.json","Guardas nos arquivos; mapa direcional de fronteiras não entregue.","Revisão anterior confrontada com planos e diff; critério pendente permanece. Não representa novo teste individual desta linha.","b789e45f3171ce56a9e5eff4f8bbb3d6acc145c7","f20df4452f0d70f295154b0ba8bd9af8f8be64dd"
"GR35","Código/flag/migration/deploy","P","P","codigo_validacao","scripts/graphify.mjs; .graphify.project.json; .github/workflows/graphify.yml; tests/graphify-tools.node.mjs; docs/GRAPHIFY.md; site-supabase/supabase/migrations; site-supabase/supabase/tests/database/customer_portal.test.sql; site-supabase/supabase/tests/database/lead_storage.test.sql; docs/audits/plan-review-20260912/database-readonly.json","Flags/migrations/ativação diferenciadas em docs; representação de evidências de deploy no grafo incompleta.","Revisão anterior confrontada com planos e diff; critério pendente permanece. Não representa novo teste individual desta linha.","b789e45f3171ce56a9e5eff4f8bbb3d6acc145c7","f20df4452f0d70f295154b0ba8bd9af8f8be64dd"
"GR36","Requisitos→implementação","P","P","codigo_validacao","docs/PLANO_UX_100_ETAPAS_20260909.md; docs/RELATORIO_EXPERIENCIA_MARKETING_GEN_Z_20260909.md; docs/audits/plan-review-20260912/http-production.json; scripts/graphify.mjs; .graphify.project.json; .github/workflows/graphify.yml; tests/graphify-tools.node.mjs; docs/GRAPHIFY.md","230 referências auditadas manualmente; integração mantida requisito-grafo ainda ausente.","Revisão anterior confrontada com planos e diff; critério pendente permanece. Não representa novo teste individual desta linha.","b789e45f3171ce56a9e5eff4f8bbb3d6acc145c7","f20df4452f0d70f295154b0ba8bd9af8f8be64dd"
"GR37","Memória técnica revisável","P","P","validacao","scripts/graphify.mjs; .graphify.project.json; .github/workflows/graphify.yml; tests/graphify-tools.node.mjs; docs/GRAPHIFY.md","Memórias e reflexão locais foram usadas, mas não há ensaio completo do ciclo de correção de memória errada, vínculo de validade e atualização por commit.","Reavaliado pelo delta de implementação, fontes atuais e evidências especificadas no relatório de fechamento.","b789e45f3171ce56a9e5eff4f8bbb3d6acc145c7","f20df4452f0d70f295154b0ba8bd9af8f8be64dd"
"GR38","Runbook para o time","I","I","nenhuma_no_escopo_tecnico","scripts/graphify.mjs; .graphify.project.json; .github/workflows/graphify.yml; tests/graphify-tools.node.mjs; docs/GRAPHIFY.md","Runbook com instalação comandos limitações e recuperação disponível.","Revisão anterior confrontada com planos e diff; critério pendente permanece. Não representa novo teste individual desta linha.","b789e45f3171ce56a9e5eff4f8bbb3d6acc145c7","f20df4452f0d70f295154b0ba8bd9af8f8be64dd"
"GR39","Visualização local","P","P","validacao_operacao","scripts/graphify.mjs; .graphify.project.json; .github/workflows/graphify.yml; tests/graphify-tools.node.mjs; docs/GRAPHIFY.md","HTML local existe; acessibilidade filtros e segurança visual não retestados integralmente.","Revisão anterior confrontada com planos e diff; critério pendente permanece. Não representa novo teste individual desta linha.","b789e45f3171ce56a9e5eff4f8bbb3d6acc145c7","f20df4452f0d70f295154b0ba8bd9af8f8be64dd"
"GR40","Medir utilidade","N","I","nenhuma_no_escopo_tecnico","scripts/graphify.mjs; docs/graphify-benchmark.json; .github/workflows/graphify.yml; tests/graphify-tools.node.mjs; docs/GRAPHIFY.md; docs/GOVERNANCA_FECHAMENTO.md","Benchmark versionado compara dez perguntas estruturais ao arquivo recuperado pelo grafo e à busca direta; mede recuperação técnica, não entendimento humano.","npm run graph:benchmark deve aprovar 10/10 e produzir BENCHMARK.md no artefato do CI.","b789e45f3171ce56a9e5eff4f8bbb3d6acc145c7","9ae117724c1842cebb020a53ebb98de2779ee118"
"GR41","Workflow específico","I","I","nenhuma_no_escopo_tecnico","scripts/graphify.mjs; .graphify.project.json; .github/workflows/graphify.yml; tests/graphify-tools.node.mjs; docs/GRAPHIFY.md; e2e/smoke.spec.ts; playwright.config.ts; .github/workflows/quality.yml; docs/audits/plan-review-20260912/simulations.json","Workflow dedicado com versão fixa e check aprovado no commit.","Revisão anterior confrontada com planos e diff; critério pendente permanece. Não representa novo teste individual desta linha.","b789e45f3171ce56a9e5eff4f8bbb3d6acc145c7","f20df4452f0d70f295154b0ba8bd9af8f8be64dd"
"GR42","Permissões/artefatos","P","P","validacao_operacao","scripts/graphify.mjs; .graphify.project.json; .github/workflows/graphify.yml; tests/graphify-tools.node.mjs; docs/GRAPHIFY.md","Permissões/retencão/scanner existem; revisão de visibilidade e escopo completo de segredos pendente.","Revisão anterior confrontada com planos e diff; critério pendente permanece. Não representa novo teste individual desta linha.","b789e45f3171ce56a9e5eff4f8bbb3d6acc145c7","f20df4452f0d70f295154b0ba8bd9af8f8be64dd"
"GR43","Gatilhos/cache específicos","P","P","codigo_validacao","scripts/graphify.mjs; .graphify.project.json; .github/workflows/graphify.yml; tests/graphify-tools.node.mjs; docs/GRAPHIFY.md","Cache npm existe; gatilhos por caminhos e cache de grafo por corpus ausentes.","Revisão anterior confrontada com planos e diff; critério pendente permanece. Não representa novo teste individual desta linha.","b789e45f3171ce56a9e5eff4f8bbb3d6acc145c7","f20df4452f0d70f295154b0ba8bd9af8f8be64dd"
"GR44","Relatório base/head","N","I","nenhuma_no_escopo_tecnico","scripts/graphify.mjs; .github/workflows/graphify.yml; tests/graphify-tools.node.mjs; docs/GRAPHIFY.md; docs/GOVERNANCA_FECHAMENTO.md","Em pull requests, o workflow cria um mapa da base em worktree temporário e publica comparação de nós, relações e arquivos com o head no artefato Graphify.","Teste unitário cobre a comparação; execução real do workflow produz BASE_HEAD_REPORT.md no artefato do pull request.","b789e45f3171ce56a9e5eff4f8bbb3d6acc145c7","9ae117724c1842cebb020a53ebb98de2779ee118"
"GR45","Conteúdo hostil","P","P","validacao_operacao","scripts/graphify.mjs; .graphify.project.json; .github/workflows/graphify.yml; tests/graphify-tools.node.mjs; docs/GRAPHIFY.md","Seis testes incluem scanner sintético; HTML hostil comentários e symlinks não têm matriz completa.","Revisão anterior confrontada com planos e diff; critério pendente permanece. Não representa novo teste individual desta linha.","b789e45f3171ce56a9e5eff4f8bbb3d6acc145c7","f20df4452f0d70f295154b0ba8bd9af8f8be64dd"
"GR46","Falhas e concorrência","P","P","validacao_operacao","scripts/graphify.mjs; .graphify.project.json; .github/workflows/graphify.yml; tests/graphify-tools.node.mjs; docs/GRAPHIFY.md","Lock e validadores existem; parser timeout disco e interrupção ainda sem simulações completas.","Revisão anterior confrontada com planos e diff; critério pendente permanece. Não representa novo teste individual desta linha.","b789e45f3171ce56a9e5eff4f8bbb3d6acc145c7","f20df4452f0d70f295154b0ba8bd9af8f8be64dd"
"GR47","Cobertura/precisão","P","P","validacao_semantica","scripts/graphify.mjs; .graphify.project.json; .github/workflows/graphify.yml; tests/graphify-tools.node.mjs; docs/GRAPHIFY.md; docs/graphify-benchmark.json","Benchmark estrutural recupera dez cenários e comandos path/explain têm testes. Precisão semântica, aliases e relações indiretas ainda não foram certificadas.","Revisão de implementação e contratos em 22/09; validação local discriminada em EXECUCAO_COMPLEMENTAR_20260922.md. Teste automatizado não substitui aceite operacional ou pesquisa.","b789e45f3171ce56a9e5eff4f8bbb3d6acc145c7","25be22f768a6714aa04e0ccff06b0f556a7b8b7c"
"GR48","Desempenho/regressões","P","P","validacao_operacao","scripts/graphify.mjs; .graphify.project.json; .github/workflows/graphify.yml; tests/graphify-tools.node.mjs; docs/GRAPHIFY.md","Geração operacional; medição controlada completa/incremental/fixture grande ausente.","Revisão anterior confrontada com planos e diff; critério pendente permanece. Não representa novo teste individual desta linha.","b789e45f3171ce56a9e5eff4f8bbb3d6acc145c7","f20df4452f0d70f295154b0ba8bd9af8f8be64dd"
"GR49","Recuperação/upgrade","P","P","validacao_operacao","scripts/graphify.mjs; .graphify.project.json; .github/workflows/graphify.yml; tests/graphify-tools.node.mjs; docs/GRAPHIFY.md","Procedimento de candidato existe; restauração e upgrade ainda sem ensaio completo.","Revisão anterior confrontada com planos e diff; critério pendente permanece. Não representa novo teste individual desta linha.","b789e45f3171ce56a9e5eff4f8bbb3d6acc145c7","f20df4452f0d70f295154b0ba8bd9af8f8be64dd"
"GR50","Publicar/acompanhar","P","P","escopo_validacao","scripts/graphify.mjs; .graphify.project.json; .github/workflows/graphify.yml; tests/graphify-tools.node.mjs; docs/GRAPHIFY.md; e2e/smoke.spec.ts; playwright.config.ts; .github/workflows/quality.yml; docs/audits/plan-review-20260912/simulations.json; docs/MATRIZ_INDEX.md","Grafo integrado e comandos completados; benchmark estrutural aprovado. Pass documental, recuperação adversarial completa e demais aceites literais permanecem pendentes.","Revisão de implementação e contratos em 22/09; validação local discriminada em EXECUCAO_COMPLEMENTAR_20260922.md. Teste automatizado não substitui aceite operacional ou pesquisa.","b789e45f3171ce56a9e5eff4f8bbb3d6acc145c7","9ae117724c1842cebb020a53ebb98de2779ee118"
"AC01","Primeiro orçamento sem cadastro","I","I","nenhuma_no_escopo_tecnico","src/pages/QuotePage.tsx; src/lib/quoteDraft.ts; src/lib/quoteBriefing.ts; src/lib/http.ts; api/_lib/contracts.ts; tests/api/lead-requests.test.ts; docs/audits/plan-review-20260912/simulations.json","Primeiro orçamento continua sem cadastro obrigatório.","Revisão anterior confrontada com planos e diff; critério pendente permanece. Não representa novo teste individual desta linha.","b789e45f3171ce56a9e5eff4f8bbb3d6acc145c7","f20df4452f0d70f295154b0ba8bd9af8f8be64dd"
"AC02","Entrada Meus orçamentos","I","I","nenhuma_no_escopo_tecnico","src/components/Layout.tsx; src/App.tsx; e2e/smoke.spec.ts","Entradas Meus orçamentos presentes na navegação.","Revisão anterior confrontada com planos e diff; critério pendente permanece. Não representa novo teste individual desta linha.","b789e45f3171ce56a9e5eff4f8bbb3d6acc145c7","f20df4452f0d70f295154b0ba8bd9af8f8be64dd"
"AC03","Tela de acesso responsiva","I","I","nenhuma_no_escopo_tecnico","src/context/CustomerAuthContext.tsx; src/lib/siteSupabaseConfig.ts; src/pages/CustomerLoginPage.tsx; src/pages/AuthConfirmPage.tsx; src/pages/SetPasswordPage.tsx; e2e/smoke.spec.ts; playwright.config.ts; .github/workflows/quality.yml; docs/audits/plan-review-20260912/simulations.json","Tela de login responsiva observada e testada.","Revisão anterior confrontada com planos e diff; critério pendente permanece. Não representa novo teste individual desta linha.","b789e45f3171ce56a9e5eff4f8bbb3d6acc145c7","f20df4452f0d70f295154b0ba8bd9af8f8be64dd"
"AC04","Link/código por e-mail","P","P","validacao_operacao","src/context/CustomerAuthContext.tsx; src/lib/siteSupabaseConfig.ts; src/pages/CustomerLoginPage.tsx; src/pages/AuthConfirmPage.tsx; src/pages/SetPasswordPage.tsx","Código/link suportado; entrega real de autenticação não reexecutada nesta rodada.","Revisão anterior confrontada com planos e diff; critério pendente permanece. Não representa novo teste individual desta linha.","b789e45f3171ce56a9e5eff4f8bbb3d6acc145c7","f20df4452f0d70f295154b0ba8bd9af8f8be64dd"
"AC05","Entrada com senha","I","I","nenhuma_no_escopo_tecnico","src/context/CustomerAuthContext.tsx; src/lib/siteSupabaseConfig.ts; src/pages/CustomerLoginPage.tsx; src/pages/AuthConfirmPage.tsx; src/pages/SetPasswordPage.tsx; e2e/smoke.spec.ts; playwright.config.ts; .github/workflows/quality.yml; docs/audits/plan-review-20260912/simulations.json","Login por senha implementado e contratos cobertos.","Revisão anterior confrontada com planos e diff; critério pendente permanece. Não representa novo teste individual desta linha.","b789e45f3171ce56a9e5eff4f8bbb3d6acc145c7","f20df4452f0d70f295154b0ba8bd9af8f8be64dd"
"AC06","Criar senha/confirmar e-mail","P","P","validacao_operacao","src/context/CustomerAuthContext.tsx; src/lib/siteSupabaseConfig.ts; src/pages/CustomerLoginPage.tsx; src/pages/AuthConfirmPage.tsx; src/pages/SetPasswordPage.tsx","Criação/confirmacão existem; e-mail real e ciclo de senha precisam aceite atual.","Revisão anterior confrontada com planos e diff; critério pendente permanece. Não representa novo teste individual desta linha.","b789e45f3171ce56a9e5eff4f8bbb3d6acc145c7","f20df4452f0d70f295154b0ba8bd9af8f8be64dd"
"AC07","Recuperar/redefinir senha","P","P","validacao_operacao","src/context/CustomerAuthContext.tsx; src/lib/siteSupabaseConfig.ts; src/pages/CustomerLoginPage.tsx; src/pages/AuthConfirmPage.tsx; src/pages/SetPasswordPage.tsx","Recuperação/redefinição existem; expiração e recebimento reais não retestados.","Revisão anterior confrontada com planos e diff; critério pendente permanece. Não representa novo teste individual desta linha.","b789e45f3171ce56a9e5eff4f8bbb3d6acc145c7","f20df4452f0d70f295154b0ba8bd9af8f8be64dd"
"AC08","Redirect interno restrito","I","I","nenhuma_no_escopo_tecnico","src/context/CustomerAuthContext.tsx; src/lib/siteSupabaseConfig.ts; src/pages/CustomerLoginPage.tsx; src/pages/AuthConfirmPage.tsx; src/pages/SetPasswordPage.tsx","Redirecionamento restringido a destinos internos testados.","Revisão anterior confrontada com planos e diff; critério pendente permanece. Não representa novo teste individual desta linha.","b789e45f3171ce56a9e5eff4f8bbb3d6acc145c7","f20df4452f0d70f295154b0ba8bd9af8f8be64dd"
"AC09","Callback inválido recuperável","I","I","nenhuma_no_escopo_tecnico","src/context/CustomerAuthContext.tsx; src/lib/siteSupabaseConfig.ts; src/pages/CustomerLoginPage.tsx; src/pages/AuthConfirmPage.tsx; src/pages/SetPasswordPage.tsx; e2e/smoke.spec.ts; playwright.config.ts; .github/workflows/quality.yml; docs/audits/plan-review-20260912/simulations.json","Callback inválido gera recuperação sem indexação.","Revisão anterior confrontada com planos e diff; critério pendente permanece. Não representa novo teste individual desta linha.","b789e45f3171ce56a9e5eff4f8bbb3d6acc145c7","f20df4452f0d70f295154b0ba8bd9af8f8be64dd"
"AC10","Sessão persistente/refresh","P","P","validacao_operacao","src/context/CustomerAuthContext.tsx; src/lib/siteSupabaseConfig.ts; src/pages/CustomerLoginPage.tsx; src/pages/AuthConfirmPage.tsx; src/pages/SetPasswordPage.tsx; src/pages/QuotePage.tsx; src/lib/quoteDraft.ts; src/lib/quoteBriefing.ts; src/lib/http.ts; api/_lib/contracts.ts; tests/api/lead-requests.test.ts; docs/audits/plan-review-20260912/simulations.json; docs/audits/closure-review-20260912/logout.mjs; e2e/smoke.spec.ts; src/components/BriefingAssetUploader.test.tsx","Logout entre abas e envio em andamento têm regressão automatizada; anexos tardios também são isolados por geração de sessão. Refresh/expiração real ainda exige ensaio autenticado de ponta a ponta.","Revisão de implementação e contratos em 22/09; validação local discriminada em EXECUCAO_COMPLEMENTAR_20260922.md. Teste automatizado não substitui aceite operacional ou pesquisa.","b789e45f3171ce56a9e5eff4f8bbb3d6acc145c7","25be22f768a6714aa04e0ccff06b0f556a7b8b7c"
"AC11","Rejeitar secret no bundle","I","I","nenhuma_no_escopo_tecnico","src/context/CustomerAuthContext.tsx; src/lib/siteSupabaseConfig.ts; src/pages/CustomerLoginPage.tsx; src/pages/AuthConfirmPage.tsx; src/pages/SetPasswordPage.tsx; site-supabase/supabase/migrations; site-supabase/supabase/tests/database/customer_portal.test.sql; site-supabase/supabase/tests/database/lead_storage.test.sql; docs/audits/plan-review-20260912/database-readonly.json","Cliente recusa credencial secreta; guardas e testes passam.","Revisão anterior confrontada com planos e diff; critério pendente permanece. Não representa novo teste individual desta linha.","b789e45f3171ce56a9e5eff4f8bbb3d6acc145c7","f20df4452f0d70f295154b0ba8bd9af8f8be64dd"
"AC12","Auth no banco isolado","I","I","nenhuma_no_escopo_tecnico","src/context/CustomerAuthContext.tsx; src/lib/siteSupabaseConfig.ts; src/pages/CustomerLoginPage.tsx; src/pages/AuthConfirmPage.tsx; src/pages/SetPasswordPage.tsx; site-supabase/supabase/migrations; site-supabase/supabase/tests/database/customer_portal.test.sql; site-supabase/supabase/tests/database/lead_storage.test.sql; docs/audits/plan-review-20260912/database-readonly.json","Auth do site aponta para projeto isolado confirmado.","Revisão anterior confrontada com planos e diff; critério pendente permanece. Não representa novo teste individual desta linha.","b789e45f3171ce56a9e5eff4f8bbb3d6acc145c7","f20df4452f0d70f295154b0ba8bd9af8f8be64dd"
"AC13","Titular opcional","I","I","nenhuma_no_escopo_tecnico","site-supabase/supabase/migrations; site-supabase/supabase/tests/database/customer_portal.test.sql; site-supabase/supabase/tests/database/lead_storage.test.sql; docs/audits/plan-review-20260912/database-readonly.json","Titular opcional preserva pedidos de visitantes.","Revisão anterior confrontada com planos e diff; critério pendente permanece. Não representa novo teste individual desta linha.","b789e45f3171ce56a9e5eff4f8bbb3d6acc145c7","f20df4452f0d70f295154b0ba8bd9af8f8be64dd"
"AC14","Associar e-mail confirmado","I","I","nenhuma_no_escopo_tecnico","site-supabase/supabase/migrations; site-supabase/supabase/tests/database/customer_portal.test.sql; site-supabase/supabase/tests/database/lead_storage.test.sql; docs/audits/plan-review-20260912/database-readonly.json","Associação limitada a e-mail confirmado e identidade; pgTAP aprovado.","Revisão anterior confrontada com planos e diff; critério pendente permanece. Não representa novo teste individual desta linha.","b789e45f3171ce56a9e5eff4f8bbb3d6acc145c7","f20df4452f0d70f295154b0ba8bd9af8f8be64dd"
"AC15","Associação idempotente","I","I","nenhuma_no_escopo_tecnico","site-supabase/supabase/migrations; site-supabase/supabase/tests/database/customer_portal.test.sql; site-supabase/supabase/tests/database/lead_storage.test.sql; docs/audits/plan-review-20260912/database-readonly.json","Reivindicação idempotente sem transferência entre titulares testada.","Revisão anterior confrontada com planos e diff; critério pendente permanece. Não representa novo teste individual desta linha.","b789e45f3171ce56a9e5eff4f8bbb3d6acc145c7","f20df4452f0d70f295154b0ba8bd9af8f8be64dd"
"AC16","Lista por titular","I","I","nenhuma_no_escopo_tecnico","src/pages/CustomerAccountPage.tsx; src/pages/CustomerQuotePage.tsx; src/lib/customerAccount.ts; api/customer-proposals.ts; tests/api/customer-proposals.test.ts; site-supabase/supabase/migrations; site-supabase/supabase/tests/database/customer_portal.test.sql; site-supabase/supabase/tests/database/lead_storage.test.sql; docs/audits/plan-review-20260912/database-readonly.json","RPC lista apenas pedidos da identidade e valida filtros/paginação.","Revisão anterior confrontada com planos e diff; critério pendente permanece. Não representa novo teste individual desta linha.","b789e45f3171ce56a9e5eff4f8bbb3d6acc145c7","f20df4452f0d70f295154b0ba8bd9af8f8be64dd"
"AC17","Detalhe do titular","I","I","nenhuma_no_escopo_tecnico","src/pages/CustomerAccountPage.tsx; src/pages/CustomerQuotePage.tsx; src/lib/customerAccount.ts; api/customer-proposals.ts; tests/api/customer-proposals.test.ts; site-supabase/supabase/migrations; site-supabase/supabase/tests/database/customer_portal.test.sql; site-supabase/supabase/tests/database/lead_storage.test.sql; docs/audits/plan-review-20260912/database-readonly.json","Servidor controla detalhe por auth.uid; B04 é estado da UI e não leitura cruzada do banco.","Revisão anterior confrontada com planos e diff; critério pendente permanece. Não representa novo teste individual desta linha.","b789e45f3171ce56a9e5eff4f8bbb3d6acc145c7","f20df4452f0d70f295154b0ba8bd9af8f8be64dd"
"AC18","Snapshot original","I","I","nenhuma_no_escopo_tecnico","src/pages/CustomerAccountPage.tsx; src/pages/CustomerQuotePage.tsx; src/lib/customerAccount.ts; api/customer-proposals.ts; tests/api/customer-proposals.test.ts; site-supabase/supabase/migrations; site-supabase/supabase/tests/database/customer_portal.test.sql; site-supabase/supabase/tests/database/lead_storage.test.sql; docs/audits/plan-review-20260912/database-readonly.json","Snapshot original preservado; repetição cria nova intenção.","Revisão anterior confrontada com planos e diff; critério pendente permanece. Não representa novo teste individual desta linha.","b789e45f3171ce56a9e5eff4f8bbb3d6acc145c7","f20df4452f0d70f295154b0ba8bd9af8f8be64dd"
"AC19","Timeline pública separada","I","I","nenhuma_no_escopo_tecnico","src/pages/CustomerAccountPage.tsx; src/pages/CustomerQuotePage.tsx; src/lib/customerAccount.ts; api/customer-proposals.ts; tests/api/customer-proposals.test.ts; site-supabase/supabase/migrations; site-supabase/supabase/tests/database/customer_portal.test.sql; site-supabase/supabase/tests/database/lead_storage.test.sql; docs/audits/plan-review-20260912/database-readonly.json","Eventos públicos separados dos internos.","Revisão anterior confrontada com planos e diff; critério pendente permanece. Não representa novo teste individual desta linha.","b789e45f3171ce56a9e5eff4f8bbb3d6acc145c7","f20df4452f0d70f295154b0ba8bd9af8f8be64dd"
"AC20","Eventos reais de status","I","I","nenhuma_no_escopo_tecnico","site-supabase/supabase/migrations; site-supabase/supabase/tests/database/customer_portal.test.sql; site-supabase/supabase/tests/database/lead_storage.test.sql; docs/audits/plan-review-20260912/database-readonly.json","Eventos associados a transições persistidas; operação humana não comprovada por isso.","Revisão anterior confrontada com planos e diff; critério pendente permanece. Não representa novo teste individual desta linha.","b789e45f3171ce56a9e5eff4f8bbb3d6acc145c7","f20df4452f0d70f295154b0ba8bd9af8f8be64dd"
"AC21","Busca/filtros/paginação/estados","I","I","nenhuma_no_escopo_tecnico","src/pages/CustomerAccountPage.tsx; src/pages/CustomerQuotePage.tsx; src/lib/customerAccount.ts; api/customer-proposals.ts; tests/api/customer-proposals.test.ts; e2e/smoke.spec.ts; playwright.config.ts; .github/workflows/quality.yml; docs/audits/plan-review-20260912/simulations.json","Busca filtros paginação recuperação e vazio na lista cobertos.","Revisão anterior confrontada com planos e diff; critério pendente permanece. Não representa novo teste individual desta linha.","b789e45f3171ce56a9e5eff4f8bbb3d6acc145c7","f20df4452f0d70f295154b0ba8bd9af8f8be64dd"
"AC22","Detalhe completo","P","I","nenhuma_no_escopo_tecnico","src/pages/CustomerAccountPage.tsx; src/pages/CustomerQuotePage.tsx; src/lib/customerAccount.ts; api/customer-proposals.ts; tests/api/customer-proposals.test.ts; e2e/smoke.spec.ts","Detalhe limpa orçamento anterior na mudança de ID e apresenta recuperação se nova leitura falhar; B04 encerrado por E2E.","Reavaliado pelo delta de implementação, fontes atuais e evidências especificadas no relatório de fechamento.","b789e45f3171ce56a9e5eff4f8bbb3d6acc145c7","f20df4452f0d70f295154b0ba8bd9af8f8be64dd"
"AC23","Solicitar novamente","P","I","nenhuma_no_escopo_tecnico","src/pages/CustomerAccountPage.tsx; src/pages/CustomerQuotePage.tsx; src/lib/customerAccount.ts; api/customer-proposals.ts; tests/api/customer-proposals.test.ts; src/pages/ProductPage.tsx; src/components/ProductCard.tsx; src/lib/productBadges.ts; api/_lib/catalogValidation.ts; docs/audits/plan-review-20260912/simulations.json; src/lib/quoteItems.ts; src/lib/quoteItems.test.ts; e2e/smoke.spec.ts","Repetição agora consulta catálogo atual antes de substituir, preserva referências removidas como bloqueios visíveis e confirma troca de seleção existente.","Reavaliado pelo delta de implementação, fontes atuais e evidências especificadas no relatório de fechamento.","b789e45f3171ce56a9e5eff4f8bbb3d6acc145c7","f20df4452f0d70f295154b0ba8bd9af8f8be64dd"
"AC24","Versões publicadas","P","P","operacao_validacao","src/pages/CustomerAccountPage.tsx; src/pages/CustomerQuotePage.tsx; src/lib/customerAccount.ts; api/customer-proposals.ts; tests/api/customer-proposals.test.ts; site-supabase/supabase/migrations; site-supabase/supabase/tests/database/customer_portal.test.sql; site-supabase/supabase/tests/database/lead_storage.test.sql; docs/audits/plan-review-20260912/database-readonly.json; src/lib/customerAccount.test.ts","Metadados/versionamento e semântica de validade corrigidos; falta aceite atual do ciclo comercial de publicação/acesso/ajuste com documento controlado.","Reavaliado pelo delta de implementação, fontes atuais e evidências especificadas no relatório de fechamento.","b789e45f3171ce56a9e5eff4f8bbb3d6acc145c7","f20df4452f0d70f295154b0ba8bd9af8f8be64dd"
"AC25","Bucket PDF privado/limites","I","I","nenhuma_no_escopo_tecnico","site-supabase/supabase/migrations; site-supabase/supabase/tests/database/customer_portal.test.sql; site-supabase/supabase/tests/database/lead_storage.test.sql; docs/audits/plan-review-20260912/database-readonly.json","Bucket privado PDF/20MB e negação cruzada cobertos localmente; sem upload real nesta revisão.","Revisão anterior confrontada com planos e diff; critério pendente permanece. Não representa novo teste individual desta linha.","b789e45f3171ce56a9e5eff4f8bbb3d6acc145c7","f20df4452f0d70f295154b0ba8bd9af8f8be64dd"
"AC26","URL assinada de 60 segundos","I","I","nenhuma_no_escopo_tecnico","src/pages/CustomerAccountPage.tsx; src/pages/CustomerQuotePage.tsx; src/lib/customerAccount.ts; api/customer-proposals.ts; tests/api/customer-proposals.test.ts; site-supabase/supabase/migrations; site-supabase/supabase/tests/database/customer_portal.test.sql; site-supabase/supabase/tests/database/lead_storage.test.sql; docs/audits/plan-review-20260912/database-readonly.json","URL assinada de 60s exige autorização antes de assinar; testes negativos aprovados.","Revisão anterior confrontada com planos e diff; critério pendente permanece. Não representa novo teste individual desta linha.","b789e45f3171ce56a9e5eff4f8bbb3d6acc145c7","f20df4452f0d70f295154b0ba8bd9af8f8be64dd"
"AC27","Origem/UUID/bucket/host","I","I","nenhuma_no_escopo_tecnico","src/pages/CustomerAccountPage.tsx; src/pages/CustomerQuotePage.tsx; src/lib/customerAccount.ts; api/customer-proposals.ts; tests/api/customer-proposals.test.ts; site-supabase/supabase/migrations; site-supabase/supabase/tests/database/customer_portal.test.sql; site-supabase/supabase/tests/database/lead_storage.test.sql; docs/audits/plan-review-20260912/database-readonly.json","Origem UUID bucket e host controlados pelos testes da API.","Revisão anterior confrontada com planos e diff; critério pendente permanece. Não representa novo teste individual desta linha.","b789e45f3171ce56a9e5eff4f8bbb3d6acc145c7","f20df4452f0d70f295154b0ba8bd9af8f8be64dd"
"AC28","Noindex/analytics sem protocolo","I","I","nenhuma_no_escopo_tecnico","api/site-page.ts; api/product-page.ts; api/_lib/publicProductPage.ts; api/sitemap.ts; vercel.json; docs/audits/plan-review-20260912/http-production.json; src/lib/analytics.ts; src/lib/analytics.test.ts; scripts/check-performance-budget.mjs; src/App.tsx","Noindex na resposta inicial e UUID de orçamento redigido em analytics; antigo achado corrigido.","Revisão anterior confrontada com planos e diff; critério pendente permanece. Não representa novo teste individual desta linha.","b789e45f3171ce56a9e5eff4f8bbb3d6acc145c7","f20df4452f0d70f295154b0ba8bd9af8f8be64dd"
"AC29","Aviso de privacidade","P","P","aceite_privacidade","README.md; api/_lib/siteDatabase.ts; src/pages/AboutPage.tsx; src/pages/ContactPage.tsx; src/pages/PrivacyPage.tsx; src/pages/QuotePage.tsx; src/lib/quoteDraft.ts; src/lib/quoteBriefing.ts; src/lib/http.ts; api/_lib/contracts.ts; tests/api/lead-requests.test.ts; docs/audits/plan-review-20260912/simulations.json; src/context/CustomerAuthContext.tsx; docs/audits/closure-review-20260912/logout.mjs; docs/RUNBOOK_PEDIDO_TITULAR.md; e2e/smoke.spec.ts","R08 foi corrigido; aviso de privacidade e procedimento do titular existentes. Validação operacional de atendimento de direitos permanece pendente.","Revisão de implementação e contratos em 22/09; validação local discriminada em EXECUCAO_COMPLEMENTAR_20260922.md. Teste automatizado não substitui aceite operacional ou pesquisa.","b789e45f3171ce56a9e5eff4f8bbb3d6acc145c7","25be22f768a6714aa04e0ccff06b0f556a7b8b7c"
"AC30","Cobertura automatizada completa","P","P","validacao_operacao","e2e/smoke.spec.ts; playwright.config.ts; .github/workflows/quality.yml; docs/audits/plan-review-20260912/simulations.json; docs/EXECUCAO_CORRECOES_20260912.md; tests/api/lead-requests.test.ts; src/lib/quoteItems.test.ts; api/notifications.ts; api/_lib/leadHandler.ts; site-supabase/supabase/migrations/20260912170000_add_quote_notification_outbox.sql; docs/audits/closure-review-20260912/notifications.mjs; docs/audits/closure-review-20260912/outbox.sql; src/context/CustomerAuthContext.tsx; src/pages/QuotePage.tsx; docs/audits/closure-review-20260912/logout.mjs; tests/api/notifications.test.ts; docs/MATRIZ_INDEX.md","Contratos, SQL e navegador cobrem regressões corrigidas; não há certificação integral de entrega de e-mail, expiração real ou operação comercial completa.","Revisão de implementação e contratos em 22/09; validação local discriminada em EXECUCAO_COMPLEMENTAR_20260922.md. Teste automatizado não substitui aceite operacional ou pesquisa.","b789e45f3171ce56a9e5eff4f8bbb3d6acc145c7","9ae117724c1842cebb020a53ebb98de2779ee118"
