id,entrega,estado_anterior,estado_revisado,fontes,conclusao_e_aceite_restante,metodo,commit
UX01,Linha de base e cobertura,I,I,docs/PLANO_UX_100_ETAPAS_20260909.md; docs/RELATORIO_EXPERIENCIA_MARKETING_GEN_Z_20260909.md; docs/audits/plan-review-20260912/http-production.json,Inventário e planos localizados; esta revisão atualiza evidências e distingue simulações de produção.,Inspeção de fontes e evidências por módulo; não significa teste individual completo do aceite.,b789e45f3171ce56a9e5eff4f8bbb3d6acc145c7
UX02,Continuidade e métricas,P,P,src/context/QuoteCartContext.tsx; src/components/QuoteDrawer.tsx; src/lib/quoteItems.ts; src/lib/catalogComparison.ts; src/context/QuoteCartContext.test.ts; src/lib/analytics.ts; src/lib/analytics.test.ts; scripts/check-performance-budget.mjs; src/App.tsx,Persistência local e eventos existem; faltam métricas operacionais e resolução de conflitos entre campanhas/dispositivos.,Inspeção de fontes e evidências por módulo; não significa teste individual completo do aceite.,b789e45f3171ce56a9e5eff4f8bbb3d6acc145c7
UX03,Testes de contrato das falhas,P,P,e2e/smoke.spec.ts; playwright.config.ts; .github/workflows/quality.yml; docs/audits/plan-review-20260912/simulations.json,Regressões anteriores cobertas; B01-B06 e instabilidade WebKit B07 ainda não integram os gates permanentes.,Inspeção de fontes e evidências por módulo; não significa teste individual completo do aceite.,b789e45f3171ce56a9e5eff4f8bbb3d6acc145c7
UX04,Consulta de novidades,I,I,src/lib/catalog.ts; src/lib/search.ts; src/pages/CatalogPage.tsx; src/components/CatalogFilterPanel.tsx; src/lib/catalog.test.ts; src/lib/search.test.ts; e2e/smoke.spec.ts; playwright.config.ts; .github/workflows/quality.yml; docs/audits/plan-review-20260912/simulations.json,Novidades consultáveis em produção e lógica coberta; catálogo não exige estoque positivo.,Inspeção de fontes e evidências por módulo; não significa teste individual completo do aceite.,b789e45f3171ce56a9e5eff4f8bbb3d6acc145c7
UX05,Autocomplete e atalhos,I,I,src/lib/catalog.ts; src/lib/search.ts; src/pages/CatalogPage.tsx; src/components/CatalogFilterPanel.tsx; src/lib/catalog.test.ts; src/lib/search.test.ts; e2e/smoke.spec.ts; playwright.config.ts; .github/workflows/quality.yml; docs/audits/plan-review-20260912/simulations.json,Autocomplete fechado não intercepta atalhos; teclado e aria-activedescendant cobertos.,Inspeção de fontes e evidências por módulo; não significa teste individual completo do aceite.,b789e45f3171ce56a9e5eff4f8bbb3d6acc145c7
UX06,Erros com recuperação útil,P,P,src/pages/QuotePage.tsx; src/lib/quoteDraft.ts; src/lib/quoteBriefing.ts; src/lib/http.ts; api/_lib/contracts.ts; tests/api/lead-requests.test.ts; docs/audits/plan-review-20260912/simulations.json; src/pages/CustomerAccountPage.tsx; src/pages/CustomerQuotePage.tsx; src/lib/customerAccount.ts; api/customer-proposals.ts; tests/api/customer-proposals.test.ts,Recuperação existe; mínimo desconhecido gera mensagem incorreta B02 e erro com detalhe anterior é ocultado B04.,Inspeção de fontes e evidências por módulo; não significa teste individual completo do aceite.,b789e45f3171ce56a9e5eff4f8bbb3d6acc145c7
UX07,Rascunho de orçamento,I,P,src/pages/QuotePage.tsx; src/lib/quoteDraft.ts; src/lib/quoteBriefing.ts; src/lib/http.ts; api/_lib/contracts.ts; tests/api/lead-requests.test.ts; docs/audits/plan-review-20260912/simulations.json,Rascunho de 24h existe; após sucesso o efeito o recria com contato e consentimento B01.,Inspeção de fontes e evidências por módulo; não significa teste individual completo do aceite.,b789e45f3171ce56a9e5eff4f8bbb3d6acc145c7
UX08,Comparação ao navegar,I,I,src/context/QuoteCartContext.tsx; src/components/QuoteDrawer.tsx; src/lib/quoteItems.ts; src/lib/catalogComparison.ts; src/context/QuoteCartContext.test.ts; src/lib/catalog.ts; src/lib/search.ts; src/pages/CatalogPage.tsx; src/components/CatalogFilterPanel.tsx; src/lib/catalog.test.ts; src/lib/search.test.ts,Comparação em sessão revalida IDs e avisa sobre remoção ou fallback; não é sincronização entre dispositivos.,Inspeção de fontes e evidências por módulo; não significa teste individual completo do aceite.,b789e45f3171ce56a9e5eff4f8bbb3d6acc145c7
UX09,Contexto da campanha,I,I,src/lib/campaignPresets.ts; src/lib/ideaLandings.ts; src/lib/catalogLibrary.ts; src/components/CampaignFinder.tsx; src/pages/QuotePage.tsx; src/lib/quoteDraft.ts; src/lib/quoteBriefing.ts; src/lib/http.ts; api/_lib/contracts.ts; tests/api/lead-requests.test.ts; docs/audits/plan-review-20260912/simulations.json,Contexto estruturado acompanha descoberta e briefing; duplicação de link limpa contexto anterior.,Inspeção de fontes e evidências por módulo; não significa teste individual completo do aceite.,b789e45f3171ce56a9e5eff4f8bbb3d6acc145c7
UX10,Aceitar estabilização,P,P,e2e/smoke.spec.ts; playwright.config.ts; .github/workflows/quality.yml; docs/audits/plan-review-20260912/simulations.json,Correções anteriores publicadas; novos defeitos e execução WebKit com falha impedem encerrar estabilização.,Inspeção de fontes e evidências por módulo; não significa teste individual completo do aceite.,b789e45f3171ce56a9e5eff4f8bbb3d6acc145c7
UX11,Arquitetura da informação,P,P,src/components/Layout.tsx; src/App.tsx; e2e/smoke.spec.ts,Destinos por tarefa implementados; testes de localização com compradores ainda ausentes.,Inspeção de fontes e evidências por módulo; não significa teste individual completo do aceite.,b789e45f3171ce56a9e5eff4f8bbb3d6acc145c7
UX12,Nomes das tarefas,P,P,src/components/Layout.tsx; src/App.tsx; e2e/smoke.spec.ts; src/pages/QuotePage.tsx; src/lib/quoteDraft.ts; src/lib/quoteBriefing.ts; src/lib/http.ts; api/_lib/contracts.ts; tests/api/lead-requests.test.ts; docs/audits/plan-review-20260912/simulations.json,Nomes principais padronizados; Abrir radar ainda é CTA funcional no orçamento vazio e falta aceite de compreensão.,Inspeção de fontes e evidências por módulo; não significa teste individual completo do aceite.,b789e45f3171ce56a9e5eff4f8bbb3d6acc145c7
UX13,Guia de voz,P,P,src/pages/HomePage.tsx; src/styles.css; e2e/smoke.spec.ts; README.md; api/_lib/siteDatabase.ts; src/pages/AboutPage.tsx; src/pages/ContactPage.tsx; src/pages/PrivacyPage.tsx,Referências visíveis ao atendimento seguem o vocabulário aprovado; guia com exemplos e governança ainda incompleto.,Inspeção de fontes e evidências por módulo; não significa teste individual completo do aceite.,b789e45f3171ce56a9e5eff4f8bbb3d6acc145c7
UX14,Sistema visual,I,I,src/pages/HomePage.tsx; src/styles.css; e2e/smoke.spec.ts; src/components/Layout.tsx; src/App.tsx,Tokens e componentes compartilhados presentes; não equivale à certificação manual de acessibilidade.,Inspeção de fontes e evidências por módulo; não significa teste individual completo do aceite.,b789e45f3171ce56a9e5eff4f8bbb3d6acc145c7
UX15,Cabeçalho por tarefa,I,I,src/components/Layout.tsx; src/App.tsx; e2e/smoke.spec.ts; playwright.config.ts; .github/workflows/quality.yml; docs/audits/plan-review-20260912/simulations.json,Cabeçalho oferece catálogo busca seleção e conta; percursos desktop/mobile automatizados.,Inspeção de fontes e evidências por módulo; não significa teste individual completo do aceite.,b789e45f3171ce56a9e5eff4f8bbb3d6acc145c7
UX16,Busca móvel,I,I,src/components/Layout.tsx; src/App.tsx; e2e/smoke.spec.ts; playwright.config.ts; .github/workflows/quality.yml; docs/audits/plan-review-20260912/simulations.json,Busca e menu móvel funcionam na cobertura automatizada; dispositivos físicos ficam em UX95.,Inspeção de fontes e evidências por módulo; não significa teste individual completo do aceite.,b789e45f3171ce56a9e5eff4f8bbb3d6acc145c7
UX17,Painéis e diálogos,P,P,src/components/Layout.tsx; src/App.tsx; e2e/smoke.spec.ts; src/pages/CustomerAccountPage.tsx; src/pages/CustomerQuotePage.tsx; src/lib/customerAccount.ts; api/customer-proposals.ts; tests/api/customer-proposals.test.ts,Diálogos possuem foco/Escape; confirmação de repetição não bloqueia scroll como compartilhamento e falta revisão assistiva completa.,Inspeção de fontes e evidências por módulo; não significa teste individual completo do aceite.,b789e45f3171ce56a9e5eff4f8bbb3d6acc145c7
UX18,Orientação e posição,P,P,src/components/Layout.tsx; src/App.tsx; e2e/smoke.spec.ts; src/lib/catalog.ts; src/lib/search.ts; src/pages/CatalogPage.tsx; src/components/CatalogFilterPanel.tsx; src/lib/catalog.test.ts; src/lib/search.test.ts,ScrollManager mantém posições por chave; retorno com carregamento assíncrono ainda sem matriz completa.,Inspeção de fontes e evidências por módulo; não significa teste individual completo do aceite.,b789e45f3171ce56a9e5eff4f8bbb3d6acc145c7
UX19,Erros e vazios,P,I,api/site-page.ts; api/product-page.ts; api/_lib/publicProductPage.ts; api/sitemap.ts; vercel.json; docs/audits/plan-review-20260912/http-production.json; e2e/smoke.spec.ts; playwright.config.ts; .github/workflows/quality.yml; docs/audits/plan-review-20260912/simulations.json,Rotas inválidas retornam 404 com shell próprio; estados vazio e recuperação presentes.,Inspeção de fontes e evidências por módulo; não significa teste individual completo do aceite.,b789e45f3171ce56a9e5eff4f8bbb3d6acc145c7
UX20,Testar navegação com tarefas,E,E,docs/PLANO_UX_100_ETAPAS_20260909.md; docs/RELATORIO_EXPERIENCIA_MARKETING_GEN_Z_20260909.md; docs/audits/plan-review-20260912/http-production.json,Não há sessões documentadas com compradores reais; auditoria técnica é evidência distinta.,Inspeção de fontes e evidências por módulo; não significa teste individual completo do aceite.,b789e45f3171ce56a9e5eff4f8bbb3d6acc145c7
UX21,Ordem da home por intenção,P,P,src/pages/HomePage.tsx; src/styles.css; e2e/smoke.spec.ts,Home reorganizada; ainda falta demonstrar eficácia da ordem com tarefas do público.,Inspeção de fontes e evidências por módulo; não significa teste individual completo do aceite.,b789e45f3171ce56a9e5eff4f8bbb3d6acc145c7
UX22,Promessa no primeiro bloco,I,I,src/pages/HomePage.tsx; src/styles.css; e2e/smoke.spec.ts; src/pages/QuotePage.tsx; src/lib/quoteDraft.ts; src/lib/quoteBriefing.ts; src/lib/http.ts; api/_lib/contracts.ts; tests/api/lead-requests.test.ts; docs/audits/plan-review-20260912/simulations.json,Promessa e ausência de pagamento explícitas; compreensão por público real não certificada.,Inspeção de fontes e evidências por módulo; não significa teste individual completo do aceite.,b789e45f3171ce56a9e5eff4f8bbb3d6acc145c7
UX23,Produtos que mostrem repertório,P,P,src/pages/HomePage.tsx; src/styles.css; e2e/smoke.spec.ts; src/lib/campaignPresets.ts; src/lib/ideaLandings.ts; src/lib/catalogLibrary.ts; src/components/CampaignFinder.tsx,Produtos reais aparecem; seleção editorial responsável e revisão de diversidade não demonstradas.,Inspeção de fontes e evidências por módulo; não significa teste individual completo do aceite.,b789e45f3171ce56a9e5eff4f8bbb3d6acc145c7
UX24,Campanhas distintas,P,P,src/lib/campaignPresets.ts; src/lib/ideaLandings.ts; src/lib/catalogLibrary.ts; src/components/CampaignFinder.tsx; src/lib/catalog.ts; src/lib/search.ts; src/pages/CatalogPage.tsx; src/components/CatalogFilterPanel.tsx; src/lib/catalog.test.ts; src/lib/search.test.ts,Onboarding não impõe mais kits; diferenciar resultados por intenção e validar pertinência ainda pendente.,Inspeção de fontes e evidências por módulo; não significa teste individual completo do aceite.,b789e45f3171ce56a9e5eff4f8bbb3d6acc145c7
UX25,Quatro frases da marca,I,I,src/pages/HomePage.tsx; src/styles.css; e2e/smoke.spec.ts; playwright.config.ts; .github/workflows/quality.yml; docs/audits/plan-review-20260912/simulations.json,Quatro frases exatas presentes no manifesto e verificadas pelos testes.,Inspeção de fontes e evidências por módulo; não significa teste individual completo do aceite.,b789e45f3171ce56a9e5eff4f8bbb3d6acc145c7
UX26,Case comercial real,E,E,src/pages/HomePage.tsx; src/styles.css; e2e/smoke.spec.ts; README.md; api/_lib/siteDatabase.ts; src/pages/AboutPage.tsx; src/pages/ContactPage.tsx; src/pages/PrivacyPage.tsx,Modelo completo de case com material autorizado e resultado documentado não localizado.,Inspeção de fontes e evidências por módulo; não significa teste individual completo do aceite.,b789e45f3171ce56a9e5eff4f8bbb3d6acc145c7
UX27,Como funciona,P,P,src/pages/HomePage.tsx; src/styles.css; e2e/smoke.spec.ts; README.md; api/_lib/siteDatabase.ts; src/pages/AboutPage.tsx; src/pages/ContactPage.tsx; src/pages/PrivacyPage.tsx,Processo apresentado; etapas de arte produção e entrega dependem de validação comercial.,Inspeção de fontes e evidências por módulo; não significa teste individual completo do aceite.,b789e45f3171ce56a9e5eff4f8bbb3d6acc145c7
UX28,Operação e limites,E,E,README.md; api/_lib/siteDatabase.ts; src/pages/AboutPage.tsx; src/pages/ContactPage.tsx; src/pages/PrivacyPage.tsx,Fotos próprias autorizadas e capacidades/prazos operacionais precisam confirmação.,Inspeção de fontes e evidências por módulo; não significa teste individual completo do aceite.,b789e45f3171ce56a9e5eff4f8bbb3d6acc145c7
UX29,Necessidade no contato,I,I,README.md; api/_lib/siteDatabase.ts; src/pages/AboutPage.tsx; src/pages/ContactPage.tsx; src/pages/PrivacyPage.tsx; src/pages/QuotePage.tsx; src/lib/quoteDraft.ts; src/lib/quoteBriefing.ts; src/lib/http.ts; api/_lib/contracts.ts; tests/api/lead-requests.test.ts; docs/audits/plan-review-20260912/simulations.json,Contato inclui mensagem e preferência de canal; persistência não equivale a notificação.,Inspeção de fontes e evidências por módulo; não significa teste individual completo do aceite.,b789e45f3171ce56a9e5eff4f8bbb3d6acc145c7
UX30,Redes e atendimento oficial,P,P,src/components/Layout.tsx; src/App.tsx; e2e/smoke.spec.ts; README.md; api/_lib/siteDatabase.ts; src/pages/AboutPage.tsx; src/pages/ContactPage.tsx; src/pages/PrivacyPage.tsx,Quatro redes e links acessíveis presentes; titularidade horários e atendimento real não revalidados.,Inspeção de fontes e evidências por módulo; não significa teste individual completo do aceite.,b789e45f3171ce56a9e5eff4f8bbb3d6acc145c7
UX31,Taxonomia de campanhas,P,P,src/lib/catalog.ts; src/lib/search.ts; src/pages/CatalogPage.tsx; src/components/CatalogFilterPanel.tsx; src/lib/catalog.test.ts; src/lib/search.test.ts; src/lib/campaignPresets.ts; src/lib/ideaLandings.ts; src/lib/catalogLibrary.ts; src/components/CampaignFinder.tsx,Taxonomia implementada; sem avaliação comercial sistemática dos rótulos editoriais.,Inspeção de fontes e evidências por módulo; não significa teste individual completo do aceite.,b789e45f3171ce56a9e5eff4f8bbb3d6acc145c7
UX32,Sinônimos por intenção,P,P,src/lib/catalog.ts; src/lib/search.ts; src/pages/CatalogPage.tsx; src/components/CatalogFilterPanel.tsx; src/lib/catalog.test.ts; src/lib/search.test.ts; src/lib/campaignPresets.ts; src/lib/ideaLandings.ts; src/lib/catalogLibrary.ts; src/components/CampaignFinder.tsx,Sinônimos e onboarding separados de kit; ausência de conjunto julgado limita aceite de relevância.,Inspeção de fontes e evidências por módulo; não significa teste individual completo do aceite.,b789e45f3171ce56a9e5eff4f8bbb3d6acc145c7
UX33,Erros de digitação,I,I,src/lib/catalog.ts; src/lib/search.ts; src/pages/CatalogPage.tsx; src/components/CatalogFilterPanel.tsx; src/lib/catalog.test.ts; src/lib/search.test.ts,Correção sugerida de digitação e preservação de códigos cobertas por testes.,Inspeção de fontes e evidências por módulo; não significa teste individual completo do aceite.,b789e45f3171ce56a9e5eff4f8bbb3d6acc145c7
UX34,Amostra de relevância,N,N,src/lib/catalog.ts; src/lib/search.ts; src/pages/CatalogPage.tsx; src/components/CatalogFilterPanel.tsx; src/lib/catalog.test.ts; src/lib/search.test.ts; docs/PLANO_UX_100_ETAPAS_20260909.md; docs/RELATORIO_EXPERIENCIA_MARKETING_GEN_Z_20260909.md; docs/audits/plan-review-20260912/http-production.json,Não há dataset de consultas com julgamentos comerciais e resultados esperados.,Inspeção de fontes e evidências por módulo; não significa teste individual completo do aceite.,b789e45f3171ce56a9e5eff4f8bbb3d6acc145c7
UX35,Ordenação editorial,P,P,src/lib/catalog.ts; src/lib/search.ts; src/pages/CatalogPage.tsx; src/components/CatalogFilterPanel.tsx; src/lib/catalog.test.ts; src/lib/search.test.ts; src/lib/campaignPresets.ts; src/lib/ideaLandings.ts; src/lib/catalogLibrary.ts; src/components/CampaignFinder.tsx,Ordenação por flags existe; ranking por intenção e diversidade não comprovado.,Inspeção de fontes e evidências por módulo; não significa teste individual completo do aceite.,b789e45f3171ce56a9e5eff4f8bbb3d6acc145c7
UX36,"Novidades, kits, badge único",I,I,src/pages/ProductPage.tsx; src/components/ProductCard.tsx; src/lib/productBadges.ts; api/_lib/catalogValidation.ts; docs/audits/plan-review-20260912/simulations.json; e2e/smoke.spec.ts; playwright.config.ts; .github/workflows/quality.yml,Badge único com prioridade novidade-kit-personalização e janela temporal testados.,Inspeção de fontes e evidências por módulo; não significa teste individual completo do aceite.,b789e45f3171ce56a9e5eff4f8bbb3d6acc145c7
UX37,Grupos do superfiltro,I,I,src/lib/catalog.ts; src/lib/search.ts; src/pages/CatalogPage.tsx; src/components/CatalogFilterPanel.tsx; src/lib/catalog.test.ts; src/lib/search.test.ts; e2e/smoke.spec.ts; playwright.config.ts; .github/workflows/quality.yml; docs/audits/plan-review-20260912/simulations.json,Grupos filtros por IDs chips e busca interna implementados/testados.,Inspeção de fontes e evidências por módulo; não significa teste individual completo do aceite.,b789e45f3171ce56a9e5eff4f8bbb3d6acc145c7
UX38,Refinamento móvel,I,I,src/lib/catalog.ts; src/lib/search.ts; src/pages/CatalogPage.tsx; src/components/CatalogFilterPanel.tsx; src/lib/catalog.test.ts; src/lib/search.test.ts; e2e/smoke.spec.ts; playwright.config.ts; .github/workflows/quality.yml; docs/audits/plan-review-20260912/simulations.json,Painel móvel combina filtros preserva URL e retorna foco.,Inspeção de fontes e evidências por módulo; não significa teste individual completo do aceite.,b789e45f3171ce56a9e5eff4f8bbb3d6acc145c7
UX39,"Densidade, paginação, retorno",P,P,src/lib/catalog.ts; src/lib/search.ts; src/pages/CatalogPage.tsx; src/components/CatalogFilterPanel.tsx; src/lib/catalog.test.ts; src/lib/search.test.ts; src/components/Layout.tsx; src/App.tsx; e2e/smoke.spec.ts,Paginação e URL existem; posição exata após navegação/carga e todos os estados não certificadas.,Inspeção de fontes e evidências por módulo; não significa teste individual completo do aceite.,b789e45f3171ce56a9e5eff4f8bbb3d6acc145c7
UX40,Explicar recomendações e vazios,P,P,src/lib/catalog.ts; src/lib/search.ts; src/pages/CatalogPage.tsx; src/components/CatalogFilterPanel.tsx; src/lib/catalog.test.ts; src/lib/search.test.ts; src/lib/campaignPresets.ts; src/lib/ideaLandings.ts; src/lib/catalogLibrary.ts; src/components/CampaignFinder.tsx,Filtros e vazios explicáveis; pertinência comercial de recomendações ainda sem aceite.,Inspeção de fontes e evidências por módulo; não significa teste individual completo do aceite.,b789e45f3171ce56a9e5eff4f8bbb3d6acc145c7
UX41,Qualidade dos dados,P,P,src/pages/ProductPage.tsx; src/components/ProductCard.tsx; src/lib/productBadges.ts; api/_lib/catalogValidation.ts; docs/audits/plan-review-20260912/simulations.json; src/lib/catalog.ts; src/lib/search.ts; src/pages/CatalogPage.tsx; src/components/CatalogFilterPanel.tsx; src/lib/catalog.test.ts; src/lib/search.test.ts,Amostra pública desta rodada limitada; inconsistência de mínimo nulo no servidor B02 exige correção e amostra estratificada.,Inspeção de fontes e evidências por módulo; não significa teste individual completo do aceite.,b789e45f3171ce56a9e5eff4f8bbb3d6acc145c7
UX42,Resumo e descrição completa,I,I,src/pages/ProductPage.tsx; src/components/ProductCard.tsx; src/lib/productBadges.ts; api/_lib/catalogValidation.ts; docs/audits/plan-review-20260912/simulations.json,Resumo e descrição completa separados na ficha; não implica qualidade factual de todo cadastro.,Inspeção de fontes e evidências por módulo; não significa teste individual completo do aceite.,b789e45f3171ce56a9e5eff4f8bbb3d6acc145c7
UX43,Especificações e unidades,P,P,src/pages/ProductPage.tsx; src/components/ProductCard.tsx; src/lib/productBadges.ts; api/_lib/catalogValidation.ts; docs/audits/plan-review-20260912/simulations.json,Ausências e unidades apresentadas; comparabilidade por família exige revisão dos dados.,Inspeção de fontes e evidências por módulo; não significa teste individual completo do aceite.,b789e45f3171ce56a9e5eff4f8bbb3d6acc145c7
UX44,Galeria com ampliação,I,I,src/pages/ProductPage.tsx; src/components/ProductCard.tsx; src/lib/productBadges.ts; api/_lib/catalogValidation.ts; docs/audits/plan-review-20260912/simulations.json; e2e/smoke.spec.ts; playwright.config.ts; .github/workflows/quality.yml,Miniaturas zoom Escape e fallback implementados; testes aprovados nos recortes de galeria.,Inspeção de fontes e evidências por módulo; não significa teste individual completo do aceite.,b789e45f3171ce56a9e5eff4f8bbb3d6acc145c7
UX45,Cores e variantes,P,P,src/pages/ProductPage.tsx; src/components/ProductCard.tsx; src/lib/productBadges.ts; api/_lib/catalogValidation.ts; docs/audits/plan-review-20260912/simulations.json; src/lib/sharedSelection.ts; src/pages/SharedSelectionPage.tsx; api/shared-selections.ts; tests/api/shared-selections.test.ts; src/lib/sharedSelection.test.ts,Compartilhamento preserva variantes removidas; reconciliação de orçamento ainda aceita variante inexistente B03.,Inspeção de fontes e evidências por módulo; não significa teste individual completo do aceite.,b789e45f3171ce56a9e5eff4f8bbb3d6acc145c7
UX46,Mínimo e ajuste de quantidade,P,P,src/pages/ProductPage.tsx; src/components/ProductCard.tsx; src/lib/productBadges.ts; api/_lib/catalogValidation.ts; docs/audits/plan-review-20260912/simulations.json; src/pages/QuotePage.tsx; src/lib/quoteDraft.ts; src/lib/quoteBriefing.ts; src/lib/http.ts; api/_lib/contracts.ts; tests/api/lead-requests.test.ts,Digitação com rascunho corrigida nos três pontos; mínimo nulo B02 e instabilidade WebKit B07 permanecem.,Inspeção de fontes e evidências por módulo; não significa teste individual completo do aceite.,b789e45f3171ce56a9e5eff4f8bbb3d6acc145c7
UX47,Personalização comprovada,P,P,src/pages/ProductPage.tsx; src/components/ProductCard.tsx; src/lib/productBadges.ts; api/_lib/catalogValidation.ts; docs/audits/plan-review-20260912/simulations.json; README.md; api/_lib/siteDatabase.ts; src/pages/AboutPage.tsx; src/pages/ContactPage.tsx; src/pages/PrivacyPage.tsx,FAQ orienta personalização; matriz de técnicas/áreas e exemplos reais por família ausentes.,Inspeção de fontes e evidências por módulo; não significa teste individual completo do aceite.,b789e45f3171ce56a9e5eff4f8bbb3d6acc145c7
UX48,FAQ contextual,I,I,src/pages/ProductPage.tsx; src/components/ProductCard.tsx; src/lib/productBadges.ts; api/_lib/catalogValidation.ts; docs/audits/plan-review-20260912/simulations.json; src/pages/QuotePage.tsx; src/lib/quoteDraft.ts; src/lib/quoteBriefing.ts; src/lib/http.ts; api/_lib/contracts.ts; tests/api/lead-requests.test.ts,FAQ contextual centralizada no catálogo produto e briefing; cobertura existente aprovada.,Inspeção de fontes e evidências por módulo; não significa teste individual completo do aceite.,b789e45f3171ce56a9e5eff4f8bbb3d6acc145c7
UX49,Relacionados relevantes,P,P,src/pages/ProductPage.tsx; src/components/ProductCard.tsx; src/lib/productBadges.ts; api/_lib/catalogValidation.ts; docs/audits/plan-review-20260912/simulations.json; src/lib/campaignPresets.ts; src/lib/ideaLandings.ts; src/lib/catalogLibrary.ts; src/components/CampaignFinder.tsx,Relacionados por categoria excluem produto atual; ranking/diversidade por campanha não demonstrados.,Inspeção de fontes e evidências por módulo; não significa teste individual completo do aceite.,b789e45f3171ce56a9e5eff4f8bbb3d6acc145c7
UX50,Comparação decisória,I,I,src/context/QuoteCartContext.tsx; src/components/QuoteDrawer.tsx; src/lib/quoteItems.ts; src/lib/catalogComparison.ts; src/context/QuoteCartContext.test.ts; src/lib/catalog.ts; src/lib/search.ts; src/pages/CatalogPage.tsx; src/components/CatalogFilterPanel.tsx; src/lib/catalog.test.ts; src/lib/search.test.ts,Comparação de até três referências com dimensões material capacidade e ausências implementada.,Inspeção de fontes e evidências por módulo; não significa teste individual completo do aceite.,b789e45f3171ce56a9e5eff4f8bbb3d6acc145c7
UX51,Feedback ao salvar,I,I,src/context/QuoteCartContext.tsx; src/components/QuoteDrawer.tsx; src/lib/quoteItems.ts; src/lib/catalogComparison.ts; src/context/QuoteCartContext.test.ts; e2e/smoke.spec.ts; playwright.config.ts; .github/workflows/quality.yml; docs/audits/plan-review-20260912/simulations.json,Salvar atualizar contador e limite de cinquenta possuem feedback e testes.,Inspeção de fontes e evidências por módulo; não significa teste individual completo do aceite.,b789e45f3171ce56a9e5eff4f8bbb3d6acc145c7
UX52,Remover/limpar com proteção,P,I,src/context/QuoteCartContext.tsx; src/components/QuoteDrawer.tsx; src/lib/quoteItems.ts; src/lib/catalogComparison.ts; src/context/QuoteCartContext.test.ts; src/lib/sharedSelection.ts; src/pages/SharedSelectionPage.tsx; api/shared-selections.ts; tests/api/shared-selections.test.ts; src/lib/sharedSelection.test.ts,Desfazer remoção/limpeza e confirmar substituição estão implementados; antigos gaps de duplicação encerrados.,Inspeção de fontes e evidências por módulo; não significa teste individual completo do aceite.,b789e45f3171ce56a9e5eff4f8bbb3d6acc145c7
UX53,Seleções por campanha,P,P,src/context/QuoteCartContext.tsx; src/components/QuoteDrawer.tsx; src/lib/quoteItems.ts; src/lib/catalogComparison.ts; src/context/QuoteCartContext.test.ts,Uma seleção pode ser nomeada; não há várias campanhas independentes.,Inspeção de fontes e evidências por módulo; não significa teste individual completo do aceite.,b789e45f3171ce56a9e5eff4f8bbb3d6acc145c7
UX54,Alternativas de decisão,P,P,src/context/QuoteCartContext.tsx; src/components/QuoteDrawer.tsx; src/lib/quoteItems.ts; src/lib/catalogComparison.ts; src/context/QuoteCartContext.test.ts; src/lib/sharedSelection.ts; src/pages/SharedSelectionPage.tsx; api/shared-selections.ts; tests/api/shared-selections.test.ts; src/lib/sharedSelection.test.ts,Principal/alternativa existe; contrato compartilhado omite grupo decisório e falta teste de compreensão.,Inspeção de fontes e evidências por módulo; não significa teste individual completo do aceite.,b789e45f3171ce56a9e5eff4f8bbb3d6acc145c7
UX55,Impressão/PDF,P,P,src/pages/QuotePage.tsx; src/lib/quoteDraft.ts; src/lib/quoteBriefing.ts; src/lib/http.ts; api/_lib/contracts.ts; tests/api/lead-requests.test.ts; docs/audits/plan-review-20260912/simulations.json,Impressão disponível; PDF extenso imagens ausentes observações e paginação não retestados nesta rodada.,Inspeção de fontes e evidências por módulo; não significa teste individual completo do aceite.,b789e45f3171ce56a9e5eff4f8bbb3d6acc145c7
UX56,Modelo de compartilhamento,P,I,src/lib/sharedSelection.ts; src/pages/SharedSelectionPage.tsx; api/shared-selections.ts; tests/api/shared-selections.test.ts; src/lib/sharedSelection.test.ts; site-supabase/supabase/migrations; site-supabase/supabase/tests/database/customer_portal.test.sql; site-supabase/supabase/tests/database/lead_storage.test.sql; docs/audits/plan-review-20260912/database-readonly.json,Modelo opaco revogável com segredo separado e prazo definido implementado; links antigos têm contrato distinto.,Inspeção de fontes e evidências por módulo; não significa teste individual completo do aceite.,b789e45f3171ce56a9e5eff4f8bbb3d6acc145c7
UX57,Link de leitura,P,P,src/lib/sharedSelection.ts; src/pages/SharedSelectionPage.tsx; api/shared-selections.ts; tests/api/shared-selections.test.ts; src/lib/sharedSelection.test.ts; site-supabase/supabase/migrations; site-supabase/supabase/tests/database/customer_portal.test.sql; site-supabase/supabase/tests/database/lead_storage.test.sql; docs/audits/plan-review-20260912/database-readonly.json,Leitura e revogação implementadas com limite 50 aplicado; falta novo ciclo real criar-abrir-revogar no deployment.,Inspeção de fontes e evidências por módulo; não significa teste individual completo do aceite.,b789e45f3171ce56a9e5eff4f8bbb3d6acc145c7
UX58,Prévia de links por conteúdo,P,P,api/site-page.ts; api/product-page.ts; api/_lib/publicProductPage.ts; api/sitemap.ts; vercel.json; docs/audits/plan-review-20260912/http-production.json,Shell e metadados públicos corrigidos; prévia específica de cada coleção/data por parâmetros ainda incompleta.,Inspeção de fontes e evidências por módulo; não significa teste individual completo do aceite.,b789e45f3171ce56a9e5eff4f8bbb3d6acc145c7
UX59,Sincronização após login,N,N,src/context/QuoteCartContext.tsx; src/components/QuoteDrawer.tsx; src/lib/quoteItems.ts; src/lib/catalogComparison.ts; src/context/QuoteCartContext.test.ts; src/pages/CustomerAccountPage.tsx; src/pages/CustomerQuotePage.tsx; src/lib/customerAccount.ts; api/customer-proposals.ts; tests/api/customer-proposals.test.ts,Histórico de pedidos não sincroniza rascunhos; biblioteca remota de seleções por conta ausente.,Inspeção de fontes e evidências por módulo; não significa teste individual completo do aceite.,b789e45f3171ce56a9e5eff4f8bbb3d6acc145c7
UX60,Conflitos/ciclo de campanhas,N,N,src/context/QuoteCartContext.tsx; src/components/QuoteDrawer.tsx; src/lib/quoteItems.ts; src/lib/catalogComparison.ts; src/context/QuoteCartContext.test.ts,StorageEvent substitui estado sem resolver concorrência; faltam arquivamento restauração e versões de campanhas.,Inspeção de fontes e evidências por módulo; não significa teste individual completo do aceite.,b789e45f3171ce56a9e5eff4f8bbb3d6acc145c7
UX61,Resumo editável da campanha,I,I,src/lib/campaignPresets.ts; src/lib/ideaLandings.ts; src/lib/catalogLibrary.ts; src/components/CampaignFinder.tsx; src/pages/QuotePage.tsx; src/lib/quoteDraft.ts; src/lib/quoteBriefing.ts; src/lib/http.ts; api/_lib/contracts.ts; tests/api/lead-requests.test.ts; docs/audits/plan-review-20260912/simulations.json,Resumo editável de nome ocasião intenção e briefing presente.,Inspeção de fontes e evidências por módulo; não significa teste individual completo do aceite.,b789e45f3171ce56a9e5eff4f8bbb3d6acc145c7
UX62,Verba sem preço fictício,I,I,src/pages/QuotePage.tsx; src/lib/quoteDraft.ts; src/lib/quoteBriefing.ts; src/lib/http.ts; api/_lib/contracts.ts; tests/api/lead-requests.test.ts; docs/audits/plan-review-20260912/simulations.json,Verba opcional exige escopo quando definida; sem preço comercial calculado.,Inspeção de fontes e evidências por módulo; não significa teste individual completo do aceite.,b789e45f3171ce56a9e5eff4f8bbb3d6acc145c7
UX63,Evento versus recebimento,P,P,src/pages/QuotePage.tsx; src/lib/quoteDraft.ts; src/lib/quoteBriefing.ts; src/lib/http.ts; api/_lib/contracts.ts; tests/api/lead-requests.test.ts; docs/audits/plan-review-20260912/simulations.json,Recebimento e evento separados; UI deixa data de evento passada sair ao servidor B05 e fuso usa regras distintas.,Inspeção de fontes e evidências por módulo; não significa teste individual completo do aceite.,b789e45f3171ce56a9e5eff4f8bbb3d6acc145c7
UX64,Formulário com menos esforço,P,P,src/pages/QuotePage.tsx; src/lib/quoteDraft.ts; src/lib/quoteBriefing.ts; src/lib/http.ts; api/_lib/contracts.ts; tests/api/lead-requests.test.ts; docs/audits/plan-review-20260912/simulations.json,Labels validações e rascunho existem; B01 B02 B05 e reteste integral do formulário impedem aceite.,Inspeção de fontes e evidências por módulo; não significa teste individual completo do aceite.,b789e45f3171ce56a9e5eff4f8bbb3d6acc145c7
UX65,Anexos protegidos,N,N,src/pages/QuotePage.tsx; src/lib/quoteDraft.ts; src/lib/quoteBriefing.ts; src/lib/http.ts; api/_lib/contracts.ts; tests/api/lead-requests.test.ts; docs/audits/plan-review-20260912/simulations.json; site-supabase/supabase/migrations; site-supabase/supabase/tests/database/customer_portal.test.sql; site-supabase/supabase/tests/database/lead_storage.test.sql; docs/audits/plan-review-20260912/database-readonly.json,Estado da identidade visual é apenas select; upload privado de logo/referência não implementado.,Inspeção de fontes e evidências por módulo; não significa teste individual completo do aceite.,b789e45f3171ce56a9e5eff4f8bbb3d6acc145c7
UX66,Envio único do orçamento,I,I,src/pages/QuotePage.tsx; src/lib/quoteDraft.ts; src/lib/quoteBriefing.ts; src/lib/http.ts; api/_lib/contracts.ts; tests/api/lead-requests.test.ts; docs/audits/plan-review-20260912/simulations.json; site-supabase/supabase/migrations; site-supabase/supabase/tests/database/customer_portal.test.sql; site-supabase/supabase/tests/database/lead_storage.test.sql; docs/audits/plan-review-20260912/database-readonly.json,Identidade da tentativa e transação idempotente no fluxo principal testadas; entrega de mensagens é requisito separado.,Inspeção de fontes e evidências por módulo; não significa teste individual completo do aceite.,b789e45f3171ce56a9e5eff4f8bbb3d6acc145c7
UX67,Confirmação e próximo passo,P,P,src/pages/QuotePage.tsx; src/lib/quoteDraft.ts; src/lib/quoteBriefing.ts; src/lib/http.ts; api/_lib/contracts.ts; tests/api/lead-requests.test.ts; docs/audits/plan-review-20260912/simulations.json; README.md; api/_lib/siteDatabase.ts; src/pages/AboutPage.tsx; src/pages/ContactPage.tsx; src/pages/PrivacyPage.tsx,Protocolo e confirmação existem; limpeza falha B01 e não há comprovação de recebimento pelo responsável comercial.,Inspeção de fontes e evidências por módulo; não significa teste individual completo do aceite.,b789e45f3171ce56a9e5eff4f8bbb3d6acc145c7
UX68,Cópia por e-mail,N,N,README.md; api/_lib/siteDatabase.ts; src/pages/AboutPage.tsx; src/pages/ContactPage.tsx; src/pages/PrivacyPage.tsx; site-supabase/supabase/migrations; site-supabase/supabase/tests/database/customer_portal.test.sql; site-supabase/supabase/tests/database/lead_storage.test.sql; docs/audits/plan-review-20260912/database-readonly.json,Sem outbox alimentada worker provedor retries e prova de entrega de cópia do orçamento por e-mail.,Inspeção de fontes e evidências por módulo; não significa teste individual completo do aceite.,b789e45f3171ce56a9e5eff4f8bbb3d6acc145c7
UX69,WhatsApp opcional automático,N,N,README.md; api/_lib/siteDatabase.ts; src/pages/AboutPage.tsx; src/pages/ContactPage.tsx; src/pages/PrivacyPage.tsx; site-supabase/supabase/migrations; site-supabase/supabase/tests/database/customer_portal.test.sql; site-supabase/supabase/tests/database/lead_storage.test.sql; docs/audits/plan-review-20260912/database-readonly.json,WhatsApp iniciado pelo visitante existe; cópia automática e respectiva cadeia de entrega ausentes.,Inspeção de fontes e evidências por módulo; não significa teste individual completo do aceite.,b789e45f3171ce56a9e5eff4f8bbb3d6acc145c7
UX70,Passagem ao atendimento,P,P,README.md; api/_lib/siteDatabase.ts; src/pages/AboutPage.tsx; src/pages/ContactPage.tsx; src/pages/PrivacyPage.tsx; src/pages/CustomerAccountPage.tsx; src/pages/CustomerQuotePage.tsx; src/lib/customerAccount.ts; api/customer-proposals.ts; tests/api/customer-proposals.test.ts,Pedido armazenado; encaminhamento responsável SLA e ciclo comercial ainda não demonstrados.,Inspeção de fontes e evidências por módulo; não significa teste individual completo do aceite.,b789e45f3171ce56a9e5eff4f8bbb3d6acc145c7
UX71,Método principal de acesso,I,I,src/context/CustomerAuthContext.tsx; src/lib/siteSupabaseConfig.ts; src/pages/CustomerLoginPage.tsx; src/pages/AuthConfirmPage.tsx; src/pages/SetPasswordPage.tsx,Login opcional com escolhas de método; visitante consegue solicitar sem conta.,Inspeção de fontes e evidências por módulo; não significa teste individual completo do aceite.,b789e45f3171ce56a9e5eff4f8bbb3d6acc145c7
UX72,Campos de autenticação,I,I,src/context/CustomerAuthContext.tsx; src/lib/siteSupabaseConfig.ts; src/pages/CustomerLoginPage.tsx; src/pages/AuthConfirmPage.tsx; src/pages/SetPasswordPage.tsx; e2e/smoke.spec.ts; playwright.config.ts; .github/workflows/quality.yml; docs/audits/plan-review-20260912/simulations.json,Campos validação mostrar senha e mensagens implementados/testados.,Inspeção de fontes e evidências por módulo; não significa teste individual completo do aceite.,b789e45f3171ce56a9e5eff4f8bbb3d6acc145c7
UX73,Recuperação e expiração,P,P,src/context/CustomerAuthContext.tsx; src/lib/siteSupabaseConfig.ts; src/pages/CustomerLoginPage.tsx; src/pages/AuthConfirmPage.tsx; src/pages/SetPasswordPage.tsx,Callback e recuperação implementados; e-mail real expiração reenvio e redefinição não reexecutados nesta revisão.,Inspeção de fontes e evidências por módulo; não significa teste individual completo do aceite.,b789e45f3171ce56a9e5eff4f8bbb3d6acc145c7
UX74,Histórico por campanha,I,I,src/pages/CustomerAccountPage.tsx; src/pages/CustomerQuotePage.tsx; src/lib/customerAccount.ts; api/customer-proposals.ts; tests/api/customer-proposals.test.ts; site-supabase/supabase/migrations; site-supabase/supabase/tests/database/customer_portal.test.sql; site-supabase/supabase/tests/database/lead_storage.test.sql; docs/audits/plan-review-20260912/database-readonly.json,Lista por titular com busca filtros paginação e nome de ação implementada.,Inspeção de fontes e evidências por módulo; não significa teste individual completo do aceite.,b789e45f3171ce56a9e5eff4f8bbb3d6acc145c7
UX75,Timeline acionável,P,P,src/pages/CustomerAccountPage.tsx; src/pages/CustomerQuotePage.tsx; src/lib/customerAccount.ts; api/customer-proposals.ts; tests/api/customer-proposals.test.ts; README.md; api/_lib/siteDatabase.ts; src/pages/AboutPage.tsx; src/pages/ContactPage.tsx; src/pages/PrivacyPage.tsx,Eventos persistidos apresentados; falta responsabilidade/encaminhamento operacional e recuperação do detalhe B04.,Inspeção de fontes e evidências por módulo; não significa teste individual completo do aceite.,b789e45f3171ce56a9e5eff4f8bbb3d6acc145c7
UX76,Versões de proposta,P,P,src/pages/CustomerAccountPage.tsx; src/pages/CustomerQuotePage.tsx; src/lib/customerAccount.ts; api/customer-proposals.ts; tests/api/customer-proposals.test.ts,Versões e link privado existem; proposta vencida continua com destaque Versão atual sem estado Expirada B06.,Inspeção de fontes e evidências por módulo; não significa teste individual completo do aceite.,b789e45f3171ce56a9e5eff4f8bbb3d6acc145c7
UX77,Pedidos de ajuste,P,P,src/pages/CustomerAccountPage.tsx; src/pages/CustomerQuotePage.tsx; src/lib/customerAccount.ts; api/customer-proposals.ts; tests/api/customer-proposals.test.ts; site-supabase/supabase/migrations; site-supabase/supabase/tests/database/customer_portal.test.sql; site-supabase/supabase/tests/database/lead_storage.test.sql; docs/audits/plan-review-20260912/database-readonly.json,Ajuste idempotente corrigido; entrega comercial não comprovada e erro na releitura pode ser ocultado B04.,Inspeção de fontes e evidências por módulo; não significa teste individual completo do aceite.,b789e45f3171ce56a9e5eff4f8bbb3d6acc145c7
UX78,Repetir campanha sem perda,P,P,src/pages/CustomerAccountPage.tsx; src/pages/CustomerQuotePage.tsx; src/lib/customerAccount.ts; api/customer-proposals.ts; tests/api/customer-proposals.test.ts; src/pages/ProductPage.tsx; src/components/ProductCard.tsx; src/lib/productBadges.ts; api/_lib/catalogValidation.ts; docs/audits/plan-review-20260912/simulations.json,Repetição confirma troca e copia snapshot; não revalida variantes/mínimos na interface antes de repor B03.,Inspeção de fontes e evidências por módulo; não significa teste individual completo do aceite.,b789e45f3171ce56a9e5eff4f8bbb3d6acc145c7
UX79,Isolamento e compartilhamento,P,P,src/context/CustomerAuthContext.tsx; src/lib/siteSupabaseConfig.ts; src/pages/CustomerLoginPage.tsx; src/pages/AuthConfirmPage.tsx; src/pages/SetPasswordPage.tsx; site-supabase/supabase/migrations; site-supabase/supabase/tests/database/customer_portal.test.sql; site-supabase/supabase/tests/database/lead_storage.test.sql; docs/audits/plan-review-20260912/database-readonly.json; src/pages/QuotePage.tsx; src/lib/quoteDraft.ts; src/lib/quoteBriefing.ts; src/lib/http.ts; api/_lib/contracts.ts; tests/api/lead-requests.test.ts; docs/audits/plan-review-20260912/simulations.json,Tabelas privadas protegidas e testes cruzados locais; B01 e ciclo de estado em memória/logoff não encerrados.,Inspeção de fontes e evidências por módulo; não significa teste individual completo do aceite.,b789e45f3171ce56a9e5eff4f8bbb3d6acc145c7
UX80,Dados e preferências,P,P,src/pages/QuotePage.tsx; src/lib/quoteDraft.ts; src/lib/quoteBriefing.ts; src/lib/http.ts; api/_lib/contracts.ts; tests/api/lead-requests.test.ts; docs/audits/plan-review-20260912/simulations.json; site-supabase/supabase/migrations; site-supabase/supabase/tests/database/customer_portal.test.sql; site-supabase/supabase/tests/database/lead_storage.test.sql; docs/audits/plan-review-20260912/database-readonly.json; README.md; api/_lib/siteDatabase.ts; src/pages/AboutPage.tsx; src/pages/ContactPage.tsx; src/pages/PrivacyPage.tsx,Retenção aplicada; rascunho reaparece após sucesso e autosserviço de preferências/exclusão não completo.,Inspeção de fontes e evidências por módulo; não significa teste individual completo do aceite.,b789e45f3171ce56a9e5eff4f8bbb3d6acc145c7
UX81,Online/PDF/revista distintos,I,I,src/lib/catalogLibrary.ts; src/pages/CatalogsPage.tsx; src/lib/catalogLibrary.test.ts,Tipos online PDF digital distintos; dez publicações atuais são explicitamente online.,Inspeção de fontes e evidências por módulo; não significa teste individual completo do aceite.,b789e45f3171ce56a9e5eff4f8bbb3d6acc145c7
UX82,Capas com produtos reais,I,I,src/lib/catalogLibrary.ts; src/pages/CatalogsPage.tsx; src/lib/catalogLibrary.test.ts,Capas consultam produtos reais com carregamento e fallback.,Inspeção de fontes e evidências por módulo; não significa teste individual completo do aceite.,b789e45f3171ce56a9e5eff4f8bbb3d6acc145c7
UX83,Coleções por campanha,P,P,src/lib/catalogLibrary.ts; src/pages/CatalogsPage.tsx; src/lib/catalogLibrary.test.ts; src/lib/campaignPresets.ts; src/lib/ideaLandings.ts; src/components/CampaignFinder.tsx,Dez coleções online; onboarding corrigido; responsável e revisão editorial ainda não demonstrados.,Inspeção de fontes e evidências por módulo; não significa teste individual completo do aceite.,b789e45f3171ce56a9e5eff4f8bbb3d6acc145c7
UX84,Governar publicações/downloads,N,N,src/lib/catalogLibrary.ts; src/pages/CatalogsPage.tsx; src/lib/catalogLibrary.test.ts,Sem biblioteca operacional PDF/revista com publicação revisão expiração e controle de arquivo.,Inspeção de fontes e evidências por módulo; não significa teste individual completo do aceite.,b789e45f3171ce56a9e5eff4f8bbb3d6acc145c7
UX85,Oportunidades futuras,I,I,src/lib/commemorativeDates.ts; src/pages/CommemorativeDatesPage.tsx; src/lib/commemorativeDates.test.ts,Próximas oportunidades priorizadas sem esconder passadas; virada de ano coberta.,Inspeção de fontes e evidências por módulo; não significa teste individual completo do aceite.,b789e45f3171ce56a9e5eff4f8bbb3d6acc145c7
UX86,Proximidade e viabilidade,P,P,src/lib/commemorativeDates.ts; src/pages/CommemorativeDatesPage.tsx; src/lib/commemorativeDates.test.ts; README.md; api/_lib/siteDatabase.ts; src/pages/AboutPage.tsx; src/pages/ContactPage.tsx; src/pages/PrivacyPage.tsx,Janelas são orientativas; viabilidade comercial não comprovada por esses cálculos.,Inspeção de fontes e evidências por módulo; não significa teste individual completo do aceite.,b789e45f3171ce56a9e5eff4f8bbb3d6acc145c7
UX87,Agenda móvel,I,I,src/lib/commemorativeDates.ts; src/pages/CommemorativeDatesPage.tsx; src/lib/commemorativeDates.test.ts; e2e/smoke.spec.ts; playwright.config.ts; .github/workflows/quality.yml; docs/audits/plan-review-20260912/simulations.json,Lista calendário filtros e detalhes móveis presentes/testados.,Inspeção de fontes e evidências por módulo; não significa teste individual completo do aceite.,b789e45f3171ce56a9e5eff4f8bbb3d6acc145c7
UX88,Favoritos no planejamento,P,P,src/lib/commemorativeDates.ts; src/pages/CommemorativeDatesPage.tsx; src/lib/commemorativeDates.test.ts,Favoritos locais por ocasião e desfazer presentes; sincronização por conta ainda ausente.,Inspeção de fontes e evidências por módulo; não significa teste individual completo do aceite.,b789e45f3171ce56a9e5eff4f8bbb3d6acc145c7
UX89,Exportação de calendário,P,P,src/lib/commemorativeDates.ts; src/pages/CommemorativeDatesPage.tsx; src/lib/commemorativeDates.test.ts,ICS com datas móveis escape e UID testado; importação/reimportação em calendários reais pendente.,Inspeção de fontes e evidências por módulo; não significa teste individual completo do aceite.,b789e45f3171ce56a9e5eff4f8bbb3d6acc145c7
UX90,Ocasião→coleção→briefing,I,I,src/lib/commemorativeDates.ts; src/pages/CommemorativeDatesPage.tsx; src/lib/commemorativeDates.test.ts; src/lib/campaignPresets.ts; src/lib/ideaLandings.ts; src/lib/catalogLibrary.ts; src/components/CampaignFinder.tsx; src/pages/QuotePage.tsx; src/lib/quoteDraft.ts; src/lib/quoteBriefing.ts; src/lib/http.ts; api/_lib/contracts.ts; tests/api/lead-requests.test.ts; docs/audits/plan-review-20260912/simulations.json,Contexto de ocasião segue até o briefing e pode ser revisado.,Inspeção de fontes e evidências por módulo; não significa teste individual completo do aceite.,b789e45f3171ce56a9e5eff4f8bbb3d6acc145c7
UX91,Compradores reais,E,E,docs/PLANO_UX_100_ETAPAS_20260909.md; docs/RELATORIO_EXPERIENCIA_MARKETING_GEN_Z_20260909.md; docs/audits/plan-review-20260912/http-production.json,Sem pesquisa documentada com participantes reais.,Inspeção de fontes e evidências por módulo; não significa teste individual completo do aceite.,b789e45f3171ce56a9e5eff4f8bbb3d6acc145c7
UX92,Funil com minimização,P,P,src/lib/analytics.ts; src/lib/analytics.test.ts; scripts/check-performance-budget.mjs; src/App.tsx,Parâmetros e UUID privado redigidos; recebimento deduplicação e suporte do plano para eventos não certificados.,Inspeção de fontes e evidências por módulo; não significa teste individual completo do aceite.,b789e45f3171ce56a9e5eff4f8bbb3d6acc145c7
UX93,Orçamento de desempenho,P,P,src/lib/analytics.ts; src/lib/analytics.test.ts; scripts/check-performance-budget.mjs; src/App.tsx; e2e/smoke.spec.ts; playwright.config.ts; .github/workflows/quality.yml; docs/audits/plan-review-20260912/simulations.json,Budget de assets aprovado; sem evidência de CWV p75 em campo ou baseline comparável.,Inspeção de fontes e evidências por módulo; não significa teste individual completo do aceite.,b789e45f3171ce56a9e5eff4f8bbb3d6acc145c7
UX94,Acessibilidade manual,P,P,e2e/smoke.spec.ts; playwright.config.ts; .github/workflows/quality.yml; docs/audits/plan-review-20260912/simulations.json,Axe nos templates e testes de teclado passam; leitor de tela zoom e reflow completos não avaliados.,Inspeção de fontes e evidências por módulo; não significa teste individual completo do aceite.,b789e45f3171ce56a9e5eff4f8bbb3d6acc145c7
UX95,Dispositivos/navegadores reais,P,P,e2e/smoke.spec.ts; playwright.config.ts; .github/workflows/quality.yml; docs/audits/plan-review-20260912/simulations.json,Chromium aprovado; WebKit falhou uma vez e passou em três repetições; faltam dispositivos físicos.,Inspeção de fontes e evidências por módulo; não significa teste individual completo do aceite.,b789e45f3171ce56a9e5eff4f8bbb3d6acc145c7
UX96,Movimento intencional,I,I,src/pages/HomePage.tsx; src/styles.css; e2e/smoke.spec.ts; playwright.config.ts; .github/workflows/quality.yml; docs/audits/plan-review-20260912/simulations.json,Fold/Glitch pontuais com movimento reduzido coberto; conteúdo textual preservado.,Inspeção de fontes e evidências por módulo; não significa teste individual completo do aceite.,b789e45f3171ce56a9e5eff4f8bbb3d6acc145c7
UX97,SEO técnico,P,P,api/site-page.ts; api/product-page.ts; api/_lib/publicProductPage.ts; api/sitemap.ts; vercel.json; docs/audits/plan-review-20260912/http-production.json,Metadados e 404 atuais corretos na amostra; coleções/datas específicas e rastreamento de indexação pendentes.,Inspeção de fontes e evidências por módulo; não significa teste individual completo do aceite.,b789e45f3171ce56a9e5eff4f8bbb3d6acc145c7
UX98,Dados seguros/reversíveis,P,P,site-supabase/supabase/migrations; site-supabase/supabase/tests/database/customer_portal.test.sql; site-supabase/supabase/tests/database/lead_storage.test.sql; docs/audits/plan-review-20260912/database-readonly.json,14 migrations iguais ao remoto e privilégios conferidos; execução do cron/recuperação de backup ainda sem ensaio atual.,Inspeção de fontes e evidências por módulo; não significa teste individual completo do aceite.,b789e45f3171ce56a9e5eff4f8bbb3d6acc145c7
UX99,Matriz ponta a ponta/resiliência,P,P,e2e/smoke.spec.ts; playwright.config.ts; .github/workflows/quality.yml; docs/audits/plan-review-20260912/simulations.json,Suítes amplas aprovadas salvo B07; novos cenários revelam falhas e não há gate de envio real pós-deploy.,Inspeção de fontes e evidências por módulo; não significa teste individual completo do aceite.,b789e45f3171ce56a9e5eff4f8bbb3d6acc145c7
UX100,Publicar e reavaliar,P,P,e2e/smoke.spec.ts; playwright.config.ts; .github/workflows/quality.yml; docs/audits/plan-review-20260912/simulations.json; api/site-page.ts; api/product-page.ts; api/_lib/publicProductPage.ts; api/sitemap.ts; vercel.json; docs/audits/plan-review-20260912/http-production.json; site-supabase/supabase/migrations; site-supabase/supabase/tests/database/customer_portal.test.sql; site-supabase/supabase/tests/database/lead_storage.test.sql; docs/audits/plan-review-20260912/database-readonly.json,Código sincronizado e rotas saudáveis; check Preview histórico vermelho e aceites operacionais ainda abertos.,Inspeção de fontes e evidências por módulo; não significa teste individual completo do aceite.,b789e45f3171ce56a9e5eff4f8bbb3d6acc145c7
LK01,Linha de base real,I,I,docs/PLANO_UX_100_ETAPAS_20260909.md; docs/RELATORIO_EXPERIENCIA_MARKETING_GEN_Z_20260909.md; docs/audits/plan-review-20260912/http-production.json,Linha de base atualizada com commit HTTP browser e pg_catalog separados.,Inspeção de fontes e evidências por módulo; não significa teste individual completo do aceite.,b789e45f3171ce56a9e5eff4f8bbb3d6acc145c7
LK02,Tarefas com compradores,E,E,docs/PLANO_UX_100_ETAPAS_20260909.md; docs/RELATORIO_EXPERIENCIA_MARKETING_GEN_Z_20260909.md; docs/audits/plan-review-20260912/http-production.json,Sessões com compradores não localizadas.,Inspeção de fontes e evidências por módulo; não significa teste individual completo do aceite.,b789e45f3171ce56a9e5eff4f8bbb3d6acc145c7
LK03,Acervo autorizado,E,E,README.md; api/_lib/siteDatabase.ts; src/pages/AboutPage.tsx; src/pages/ContactPage.tsx; src/pages/PrivacyPage.tsx,Inventário de material autorizado e direitos de uso não encontrado.,Inspeção de fontes e evidências por módulo; não significa teste individual completo do aceite.,b789e45f3171ce56a9e5eff4f8bbb3d6acc145c7
LK04,Contratos visuais/marca,I,I,src/pages/HomePage.tsx; src/styles.css; e2e/smoke.spec.ts; src/pages/ProductPage.tsx; src/components/ProductCard.tsx; src/lib/productBadges.ts; api/_lib/catalogValidation.ts; docs/audits/plan-review-20260912/simulations.json,Tokens frases e badge único presentes; validação humana do redesign é separada.,Inspeção de fontes e evidências por módulo; não significa teste individual completo do aceite.,b789e45f3171ce56a9e5eff4f8bbb3d6acc145c7
LK05,Protótipo antes do desenvolvimento,P,P,docs/PLANO_UX_100_ETAPAS_20260909.md; docs/RELATORIO_EXPERIENCIA_MARKETING_GEN_Z_20260909.md; docs/audits/plan-review-20260912/http-production.json; src/components/Layout.tsx; src/App.tsx; e2e/smoke.spec.ts,Interface construída; protótipos e aceite prévios com público não comprovados.,Inspeção de fontes e evidências por módulo; não significa teste individual completo do aceite.,b789e45f3171ce56a9e5eff4f8bbb3d6acc145c7
LK06,Hero fotográfico próprio,P,P,src/pages/HomePage.tsx; src/styles.css; e2e/smoke.spec.ts; README.md; api/_lib/siteDatabase.ts; src/pages/AboutPage.tsx; src/pages/ContactPage.tsx; src/pages/PrivacyPage.tsx,Hero ilustrativo próprio existe; acervo real de execução autorizada ainda pendente.,Inspeção de fontes e evidências por módulo; não significa teste individual completo do aceite.,b789e45f3171ce56a9e5eff4f8bbb3d6acc145c7
LK07,Hero móvel,I,I,src/pages/HomePage.tsx; src/styles.css; e2e/smoke.spec.ts; playwright.config.ts; .github/workflows/quality.yml; docs/audits/plan-review-20260912/simulations.json,Hero com texto HTML e recortes responsivos; motion reduzido testado.,Inspeção de fontes e evidências por módulo; não significa teste individual completo do aceite.,b789e45f3171ce56a9e5eff4f8bbb3d6acc145c7
LK08,Manifesto protegido,I,I,src/pages/HomePage.tsx; src/styles.css; e2e/smoke.spec.ts; playwright.config.ts; .github/workflows/quality.yml; docs/audits/plan-review-20260912/simulations.json,Quatro frases reunidas e cobertas em desktop/mobile.,Inspeção de fontes e evidências por módulo; não significa teste individual completo do aceite.,b789e45f3171ce56a9e5eff4f8bbb3d6acc145c7
LK09,Reduzir repetição da home,P,P,src/pages/HomePage.tsx; src/styles.css; e2e/smoke.spec.ts,Hierarquia evoluiu; redução de repetição ainda sem observação com compradores.,Inspeção de fontes e evidências por módulo; não significa teste individual completo do aceite.,b789e45f3171ce56a9e5eff4f8bbb3d6acc145c7
LK10,Categorias fotográficas,N,N,src/pages/HomePage.tsx; src/styles.css; e2e/smoke.spec.ts,Categorias principais continuam iconográficas; entradas fotográficas não entregues.,Inspeção de fontes e evidências por módulo; não significa teste individual completo do aceite.,b789e45f3171ce56a9e5eff4f8bbb3d6acc145c7
LK11,Cabeçalho por tarefas,I,I,src/components/Layout.tsx; src/App.tsx; e2e/smoke.spec.ts,Cabeçalho por tarefas disponível.,Inspeção de fontes e evidências por módulo; não significa teste individual completo do aceite.,b789e45f3171ce56a9e5eff4f8bbb3d6acc145c7
LK12,Menu visual de categorias,P,P,src/components/Layout.tsx; src/App.tsx; e2e/smoke.spec.ts; src/lib/catalog.ts; src/lib/search.ts; src/pages/CatalogPage.tsx; src/components/CatalogFilterPanel.tsx; src/lib/catalog.test.ts; src/lib/search.test.ts,Menu e agrupamentos acessíveis; dimensão fotográfica e teste de localização pendentes.,Inspeção de fontes e evidências por módulo; não significa teste individual completo do aceite.,b789e45f3171ce56a9e5eff4f8bbb3d6acc145c7
LK13,Navegação móvel,I,I,src/components/Layout.tsx; src/App.tsx; e2e/smoke.spec.ts; playwright.config.ts; .github/workflows/quality.yml; docs/audits/plan-review-20260912/simulations.json,Busca seleção e filtros móveis cobertos.,Inspeção de fontes e evidências por módulo; não significa teste individual completo do aceite.,b789e45f3171ce56a9e5eff4f8bbb3d6acc145c7
LK14,Coleções por campanha,P,P,src/lib/campaignPresets.ts; src/lib/ideaLandings.ts; src/lib/catalogLibrary.ts; src/components/CampaignFinder.tsx,Coleções existem; onboarding corrigido; pertinência/distinção comercial não certificada.,Inspeção de fontes e evidências por módulo; não significa teste individual completo do aceite.,b789e45f3171ce56a9e5eff4f8bbb3d6acc145c7
LK15,Editorial com revisão/validade,P,P,src/lib/catalogLibrary.ts; src/pages/CatalogsPage.tsx; src/lib/catalogLibrary.test.ts; src/lib/campaignPresets.ts; src/lib/ideaLandings.ts; src/components/CampaignFinder.tsx,Coleções em código; não há ciclo editorial com responsável data de revisão e expiração.,Inspeção de fontes e evidências por módulo; não significa teste individual completo do aceite.,b789e45f3171ce56a9e5eff4f8bbb3d6acc145c7
LK16,Imagens e fallback,I,I,src/pages/ProductPage.tsx; src/components/ProductCard.tsx; src/lib/productBadges.ts; api/_lib/catalogValidation.ts; docs/audits/plan-review-20260912/simulations.json; src/lib/catalogLibrary.ts; src/pages/CatalogsPage.tsx; src/lib/catalogLibrary.test.ts,Dimensões carregamento e fallback implementados; amostra tinha fotos principais ausentes com alternativas.,Inspeção de fontes e evidências por módulo; não significa teste individual completo do aceite.,b789e45f3171ce56a9e5eff4f8bbb3d6acc145c7
LK17,Curadoria real,P,P,src/lib/campaignPresets.ts; src/lib/ideaLandings.ts; src/lib/catalogLibrary.ts; src/components/CampaignFinder.tsx; src/lib/catalog.ts; src/lib/search.ts; src/pages/CatalogPage.tsx; src/components/CatalogFilterPanel.tsx; src/lib/catalog.test.ts; src/lib/search.test.ts,Produtos públicos reais; curadoria por propósito/diversidade ainda sem julgamento comercial.,Inspeção de fontes e evidências por módulo; não significa teste individual completo do aceite.,b789e45f3171ce56a9e5eff4f8bbb3d6acc145c7
LK18,Um badge por card,I,I,src/pages/ProductPage.tsx; src/components/ProductCard.tsx; src/lib/productBadges.ts; api/_lib/catalogValidation.ts; docs/audits/plan-review-20260912/simulations.json; e2e/smoke.spec.ts; playwright.config.ts; .github/workflows/quality.yml,Um badge por card testado em todas as combinações previstas.,Inspeção de fontes e evidências por módulo; não significa teste individual completo do aceite.,b789e45f3171ce56a9e5eff4f8bbb3d6acc145c7
LK19,Informações no card,I,I,src/pages/ProductPage.tsx; src/components/ProductCard.tsx; src/lib/productBadges.ts; api/_lib/catalogValidation.ts; docs/audits/plan-review-20260912/simulations.json,Mínimo cores e resumo visíveis; inconsistência de envio do mínimo fica em LK23.,Inspeção de fontes e evidências por módulo; não significa teste individual completo do aceite.,b789e45f3171ce56a9e5eff4f8bbb3d6acc145c7
LK20,Busca aprofundada,P,P,src/lib/catalog.ts; src/lib/search.ts; src/pages/CatalogPage.tsx; src/components/CatalogFilterPanel.tsx; src/lib/catalog.test.ts; src/lib/search.test.ts,Busca semântica leve e correções existem; falta amostra real julgada.,Inspeção de fontes e evidências por módulo; não significa teste individual completo do aceite.,b789e45f3171ce56a9e5eff4f8bbb3d6acc145c7
LK21,Galeria,I,I,src/pages/ProductPage.tsx; src/components/ProductCard.tsx; src/lib/productBadges.ts; api/_lib/catalogValidation.ts; docs/audits/plan-review-20260912/simulations.json; e2e/smoke.spec.ts; playwright.config.ts; .github/workflows/quality.yml,Galeria miniaturas zoom e fallback implementados.,Inspeção de fontes e evidências por módulo; não significa teste individual completo do aceite.,b789e45f3171ce56a9e5eff4f8bbb3d6acc145c7
LK22,Técnica/personalização,P,P,src/pages/ProductPage.tsx; src/components/ProductCard.tsx; src/lib/productBadges.ts; api/_lib/catalogValidation.ts; docs/audits/plan-review-20260912/simulations.json; README.md; api/_lib/siteDatabase.ts; src/pages/AboutPage.tsx; src/pages/ContactPage.tsx; src/pages/PrivacyPage.tsx,Ficha e FAQ disponíveis; lastro de personalização e revisão por família incompletos.,Inspeção de fontes e evidências por módulo; não significa teste individual completo do aceite.,b789e45f3171ce56a9e5eff4f8bbb3d6acc145c7
LK23,Mínimo/múltiplo/estimativa,P,P,src/pages/ProductPage.tsx; src/components/ProductCard.tsx; src/lib/productBadges.ts; api/_lib/catalogValidation.ts; docs/audits/plan-review-20260912/simulations.json; src/pages/QuotePage.tsx; src/lib/quoteDraft.ts; src/lib/quoteBriefing.ts; src/lib/http.ts; api/_lib/contracts.ts; tests/api/lead-requests.test.ts,Mínimo nulo recusado B02; múltiplos comerciais não modelados; WebKit instável B07.,Inspeção de fontes e evidências por módulo; não significa teste individual completo do aceite.,b789e45f3171ce56a9e5eff4f8bbb3d6acc145c7
LK24,Comparar três produtos,I,I,src/context/QuoteCartContext.tsx; src/components/QuoteDrawer.tsx; src/lib/quoteItems.ts; src/lib/catalogComparison.ts; src/context/QuoteCartContext.test.ts; src/lib/catalog.ts; src/lib/search.ts; src/pages/CatalogPage.tsx; src/components/CatalogFilterPanel.tsx; src/lib/catalog.test.ts; src/lib/search.test.ts,Até três produtos comparáveis com persistência em sessão.,Inspeção de fontes e evidências por módulo; não significa teste individual completo do aceite.,b789e45f3171ce56a9e5eff4f8bbb3d6acc145c7
LK25,Relacionados/compartilhar produto,P,P,src/pages/ProductPage.tsx; src/components/ProductCard.tsx; src/lib/productBadges.ts; api/_lib/catalogValidation.ts; docs/audits/plan-review-20260912/simulations.json; src/lib/campaignPresets.ts; src/lib/ideaLandings.ts; src/lib/catalogLibrary.ts; src/components/CampaignFinder.tsx,Compartilhar/relacionados presentes; diversidade por intenção e todos os cancelamentos nativos sem aceite.,Inspeção de fontes e evidências por módulo; não significa teste individual completo do aceite.,b789e45f3171ce56a9e5eff4f8bbb3d6acc145c7
LK26,SKU kit versus composição,P,P,src/pages/ProductPage.tsx; src/components/ProductCard.tsx; src/lib/productBadges.ts; api/_lib/catalogValidation.ts; docs/audits/plan-review-20260912/simulations.json; src/context/QuoteCartContext.tsx; src/components/QuoteDrawer.tsx; src/lib/quoteItems.ts; src/lib/catalogComparison.ts; src/context/QuoteCartContext.test.ts,Kit como SKU identificado; kit como composição de componentes ainda ausente.,Inspeção de fontes e evidências por módulo; não significa teste individual completo do aceite.,b789e45f3171ce56a9e5eff4f8bbb3d6acc145c7
LK27,Modelos de composição,N,N,src/lib/campaignPresets.ts; src/lib/ideaLandings.ts; src/lib/catalogLibrary.ts; src/components/CampaignFinder.tsx; src/context/QuoteCartContext.tsx; src/components/QuoteDrawer.tsx; src/lib/quoteItems.ts; src/lib/catalogComparison.ts; src/context/QuoteCartContext.test.ts,Não há templates substituíveis de componentes reais.,Inspeção de fontes e evidências por módulo; não significa teste individual completo do aceite.,b789e45f3171ce56a9e5eff4f8bbb3d6acc145c7
LK28,Escolher/substituir componentes,N,N,src/context/QuoteCartContext.tsx; src/components/QuoteDrawer.tsx; src/lib/quoteItems.ts; src/lib/catalogComparison.ts; src/context/QuoteCartContext.test.ts,Não há configurador de composição com substituição de componentes.,Inspeção de fontes e evidências por módulo; não significa teste individual completo do aceite.,b789e45f3171ce56a9e5eff4f8bbb3d6acc145c7
LK29,Aritmética dos conjuntos,N,N,src/pages/QuotePage.tsx; src/lib/quoteDraft.ts; src/lib/quoteBriefing.ts; src/lib/http.ts; api/_lib/contracts.ts; tests/api/lead-requests.test.ts; docs/audits/plan-review-20260912/simulations.json,Não há aritmética número de kits multiplicado pelas unidades de cada componente.,Inspeção de fontes e evidências por módulo; não significa teste individual completo do aceite.,b789e45f3171ce56a9e5eff4f8bbb3d6acc145c7
LK30,Composição no briefing,P,P,src/context/QuoteCartContext.tsx; src/components/QuoteDrawer.tsx; src/lib/quoteItems.ts; src/lib/catalogComparison.ts; src/context/QuoteCartContext.test.ts; src/pages/QuotePage.tsx; src/lib/quoteDraft.ts; src/lib/quoteBriefing.ts; src/lib/http.ts; api/_lib/contracts.ts; tests/api/lead-requests.test.ts; docs/audits/plan-review-20260912/simulations.json,Grupos principal/alternativa não representam composição versionada de kits.,Inspeção de fontes e evidências por módulo; não significa teste individual completo do aceite.,b789e45f3171ce56a9e5eff4f8bbb3d6acc145c7
LK31,Prova social autorizada,E,E,README.md; api/_lib/siteDatabase.ts; src/pages/AboutPage.tsx; src/pages/ContactPage.tsx; src/pages/PrivacyPage.tsx,Prova social autorizada depende de acervo e validação.,Inspeção de fontes e evidências por módulo; não significa teste individual completo do aceite.,b789e45f3171ce56a9e5eff4f8bbb3d6acc145c7
LK32,Três cases reais,E,E,src/pages/HomePage.tsx; src/styles.css; e2e/smoke.spec.ts; README.md; api/_lib/siteDatabase.ts; src/pages/AboutPage.tsx; src/pages/ContactPage.tsx; src/pages/PrivacyPage.tsx,Três cases reais verificáveis não publicados.,Inspeção de fontes e evidências por módulo; não significa teste individual completo do aceite.,b789e45f3171ce56a9e5eff4f8bbb3d6acc145c7
LK33,Personalização em detalhe,E,E,src/pages/ProductPage.tsx; src/components/ProductCard.tsx; src/lib/productBadges.ts; api/_lib/catalogValidation.ts; docs/audits/plan-review-20260912/simulations.json; README.md; api/_lib/siteDatabase.ts; src/pages/AboutPage.tsx; src/pages/ContactPage.tsx; src/pages/PrivacyPage.tsx,Fotos correspondentes de peça-base simulação e produção real precisam material autorizado.,Inspeção de fontes e evidências por módulo; não significa teste individual completo do aceite.,b789e45f3171ce56a9e5eff4f8bbb3d6acc145c7
LK34,Time e bastidores,E,E,src/pages/HomePage.tsx; src/styles.css; e2e/smoke.spec.ts; README.md; api/_lib/siteDatabase.ts; src/pages/AboutPage.tsx; src/pages/ContactPage.tsx; src/pages/PrivacyPage.tsx,Bastidores e pessoas reais precisam conteúdo e autorização de imagem.,Inspeção de fontes e evidências por módulo; não significa teste individual completo do aceite.,b789e45f3171ce56a9e5eff4f8bbb3d6acc145c7
LK35,Qualidade/ambiente comprovados,P,P,README.md; api/_lib/siteDatabase.ts; src/pages/AboutPage.tsx; src/pages/ContactPage.tsx; src/pages/PrivacyPage.tsx; src/pages/ProductPage.tsx; src/components/ProductCard.tsx; src/lib/productBadges.ts; api/_lib/catalogValidation.ts; docs/audits/plan-review-20260912/simulations.json,Linguagem cautelosa existe; lastro documental de alegações não integralmente demonstrado.,Inspeção de fontes e evidências por módulo; não significa teste individual completo do aceite.,b789e45f3171ce56a9e5eff4f8bbb3d6acc145c7
LK36,Catálogo editorial nativo,P,P,src/lib/catalogLibrary.ts; src/pages/CatalogsPage.tsx; src/lib/catalogLibrary.test.ts; src/lib/campaignPresets.ts; src/lib/ideaLandings.ts; src/components/CampaignFinder.tsx,Coleções online nativas funcionam; revisão editorial e curadoria ainda parciais.,Inspeção de fontes e evidências por módulo; não significa teste individual completo do aceite.,b789e45f3171ce56a9e5eff4f8bbb3d6acc145c7
LK37,Compartilhar seleção inteira,P,P,src/lib/sharedSelection.ts; src/pages/SharedSelectionPage.tsx; api/shared-selections.ts; tests/api/shared-selections.test.ts; src/lib/sharedSelection.test.ts; site-supabase/supabase/migrations; site-supabase/supabase/tests/database/customer_portal.test.sql; site-supabase/supabase/tests/database/lead_storage.test.sql; docs/audits/plan-review-20260912/database-readonly.json,Link persistente com 50 itens e revogação implementados; falta novo ciclo real no deployment e contrato de composição.,Inspeção de fontes e evidências por módulo; não significa teste individual completo do aceite.,b789e45f3171ce56a9e5eff4f8bbb3d6acc145c7
LK38,Exportar para aprovação,P,P,src/pages/QuotePage.tsx; src/lib/quoteDraft.ts; src/lib/quoteBriefing.ts; src/lib/http.ts; api/_lib/contracts.ts; tests/api/lead-requests.test.ts; docs/audits/plan-review-20260912/simulations.json,Impressão disponível; PDF longo e kit composto não validados.,Inspeção de fontes e evidências por módulo; não significa teste individual completo do aceite.,b789e45f3171ce56a9e5eff4f8bbb3d6acc145c7
LK39,Guias úteis,P,P,src/lib/campaignPresets.ts; src/lib/ideaLandings.ts; src/lib/catalogLibrary.ts; src/components/CampaignFinder.tsx; README.md; api/_lib/siteDatabase.ts; src/pages/AboutPage.tsx; src/pages/ContactPage.tsx; src/pages/PrivacyPage.tsx,Landings explicativas presentes; autoria revisão e profundidade prática ainda pendentes.,Inspeção de fontes e evidências por módulo; não significa teste individual completo do aceite.,b789e45f3171ce56a9e5eff4f8bbb3d6acc145c7
LK40,Projeto especial,E,E,README.md; api/_lib/siteDatabase.ts; src/pages/AboutPage.tsx; src/pages/ContactPage.tsx; src/pages/PrivacyPage.tsx,Jornada de desenvolvimento especial depende de confirmação comercial do serviço.,Inspeção de fontes e evidências por módulo; não significa teste individual completo do aceite.,b789e45f3171ce56a9e5eff4f8bbb3d6acc145c7
LK41,Selecionar versus enviar,I,I,src/context/QuoteCartContext.tsx; src/components/QuoteDrawer.tsx; src/lib/quoteItems.ts; src/lib/catalogComparison.ts; src/context/QuoteCartContext.test.ts; src/pages/QuotePage.tsx; src/lib/quoteDraft.ts; src/lib/quoteBriefing.ts; src/lib/http.ts; api/_lib/contracts.ts; tests/api/lead-requests.test.ts; docs/audits/plan-review-20260912/simulations.json,Salvar e solicitar diferenciados; tela de sucesso exige protocolo do endpoint quando habilitado.,Inspeção de fontes e evidências por módulo; não significa teste individual completo do aceite.,b789e45f3171ce56a9e5eff4f8bbb3d6acc145c7
LK42,Formulário enxuto,P,P,src/pages/QuotePage.tsx; src/lib/quoteDraft.ts; src/lib/quoteBriefing.ts; src/lib/http.ts; api/_lib/contracts.ts; tests/api/lead-requests.test.ts; docs/audits/plan-review-20260912/simulations.json,Formulário enxuto e rascunho; B01 e B05 impedem aceite integral.,Inspeção de fontes e evidências por módulo; não significa teste individual completo do aceite.,b789e45f3171ce56a9e5eff4f8bbb3d6acc145c7
LK43,Logo/referências privadas,N,N,src/pages/QuotePage.tsx; src/lib/quoteDraft.ts; src/lib/quoteBriefing.ts; src/lib/http.ts; api/_lib/contracts.ts; tests/api/lead-requests.test.ts; docs/audits/plan-review-20260912/simulations.json; site-supabase/supabase/migrations; site-supabase/supabase/tests/database/customer_portal.test.sql; site-supabase/supabase/tests/database/lead_storage.test.sql; docs/audits/plan-review-20260912/database-readonly.json,Upload privado do cliente não implementado.,Inspeção de fontes e evidências por módulo; não significa teste individual completo do aceite.,b789e45f3171ce56a9e5eff4f8bbb3d6acc145c7
LK44,WhatsApp iniciado pelo visitante,P,P,src/components/Layout.tsx; src/App.tsx; e2e/smoke.spec.ts; README.md; api/_lib/siteDatabase.ts; src/pages/AboutPage.tsx; src/pages/ContactPage.tsx; src/pages/PrivacyPage.tsx,WhatsApp iniciado pelo visitante existe; operação/destinatário oficial precisam validação.,Inspeção de fontes e evidências por módulo; não significa teste individual completo do aceite.,b789e45f3171ce56a9e5eff4f8bbb3d6acc145c7
LK45,E-mail auditável,N,N,README.md; api/_lib/siteDatabase.ts; src/pages/AboutPage.tsx; src/pages/ContactPage.tsx; src/pages/PrivacyPage.tsx; site-supabase/supabase/migrations; site-supabase/supabase/tests/database/customer_portal.test.sql; site-supabase/supabase/tests/database/lead_storage.test.sql; docs/audits/plan-review-20260912/database-readonly.json,Cópia do orçamento por e-mail não tem worker/outbox/provedor operacional.,Inspeção de fontes e evidências por módulo; não significa teste individual completo do aceite.,b789e45f3171ce56a9e5eff4f8bbb3d6acc145c7
LK46,Acessibilidade contínua,P,P,e2e/smoke.spec.ts; playwright.config.ts; .github/workflows/quality.yml; docs/audits/plan-review-20260912/simulations.json,Automação e padrões existem; revisão assistiva e física pendente.,Inspeção de fontes e evidências por módulo; não significa teste individual completo do aceite.,b789e45f3171ce56a9e5eff4f8bbb3d6acc145c7
LK47,Desempenho real,P,P,src/lib/analytics.ts; src/lib/analytics.test.ts; scripts/check-performance-budget.mjs; src/App.tsx,Budget aprovado; CWV e comparação de uso real ausentes.,Inspeção de fontes e evidências por módulo; não significa teste individual completo do aceite.,b789e45f3171ce56a9e5eff4f8bbb3d6acc145c7
LK48,SEO sem checkout,P,P,api/site-page.ts; api/product-page.ts; api/_lib/publicProductPage.ts; api/sitemap.ts; vercel.json; docs/audits/plan-review-20260912/http-production.json,Shell corrigido e sem ofertas fictícias; prévias específicas/indexação fina não encerradas.,Inspeção de fontes e evidências por módulo; não significa teste individual completo do aceite.,b789e45f3171ce56a9e5eff4f8bbb3d6acc145c7
LK49,Medir funil seguro,P,P,src/lib/analytics.ts; src/lib/analytics.test.ts; scripts/check-performance-budget.mjs; src/App.tsx,Redação de URLs corrigida; entrega deduplicação e interpretação do funil pendentes.,Inspeção de fontes e evidências por módulo; não significa teste individual completo do aceite.,b789e45f3171ce56a9e5eff4f8bbb3d6acc145c7
LK50,Publicar com reversão,P,P,e2e/smoke.spec.ts; playwright.config.ts; .github/workflows/quality.yml; docs/audits/plan-review-20260912/simulations.json; site-supabase/supabase/migrations; site-supabase/supabase/tests/database/customer_portal.test.sql; site-supabase/supabase/tests/database/lead_storage.test.sql; docs/audits/plan-review-20260912/database-readonly.json,Publicado e banco reconciliado; Preview histórico vermelho e recuperação operacional sem aceite.,Inspeção de fontes e evidências por módulo; não significa teste individual completo do aceite.,b789e45f3171ce56a9e5eff4f8bbb3d6acc145c7
GR01,Delimitar raiz/site,I,I,scripts/graphify.mjs; .graphify.project.json; .github/workflows/graphify.yml; tests/graphify-tools.node.mjs; docs/GRAPHIFY.md,Wrapper fixa raiz e corpus do site.,Inspeção de fontes e evidências por módulo; não significa teste individual completo do aceite.,b789e45f3171ce56a9e5eff4f8bbb3d6acc145c7
GR02,Linha de base,I,I,scripts/graphify.mjs; .graphify.project.json; .github/workflows/graphify.yml; tests/graphify-tools.node.mjs; docs/GRAPHIFY.md,Metadados fingerprint e commit de origem registrados; status atual no corpus técnico.,Inspeção de fontes e evidências por módulo; não significa teste individual completo do aceite.,b789e45f3171ce56a9e5eff4f8bbb3d6acc145c7
GR03,Dez perguntas de valor,P,P,scripts/graphify.mjs; .graphify.project.json; .github/workflows/graphify.yml; tests/graphify-tools.node.mjs; docs/GRAPHIFY.md,Temas de perguntas documentados; dez respostas julgadas e benchmark reproduzível não entregues.,Inspeção de fontes e evidências por módulo; não significa teste individual completo do aceite.,b789e45f3171ce56a9e5eff4f8bbb3d6acc145c7
GR04,Responsabilidades,P,P,scripts/graphify.mjs; .graphify.project.json; .github/workflows/graphify.yml; tests/graphify-tools.node.mjs; docs/GRAPHIFY.md,Papéis técnicos definidos; responsável nominal e transferência não registrados.,Inspeção de fontes e evidências por módulo; não significa teste individual completo do aceite.,b789e45f3171ce56a9e5eff4f8bbb3d6acc145c7
GR05,Decisão arquitetural,I,I,scripts/graphify.mjs; .graphify.project.json; .github/workflows/graphify.yml; tests/graphify-tools.node.mjs; docs/GRAPHIFY.md,Ferramenta de engenharia local/CI sem dependência do runtime.,Inspeção de fontes e evidências por módulo; não significa teste individual completo do aceite.,b789e45f3171ce56a9e5eff4f8bbb3d6acc145c7
GR06,Versão/ambiente fixos,I,I,scripts/graphify.mjs; .graphify.project.json; .github/workflows/graphify.yml; tests/graphify-tools.node.mjs; docs/GRAPHIFY.md,Graphify 0.9.48 fixado em configuração e CI.,Inspeção de fontes e evidências por módulo; não significa teste individual completo do aceite.,b789e45f3171ce56a9e5eff4f8bbb3d6acc145c7
GR07,Configuração versionada,I,I,scripts/graphify.mjs; .graphify.project.json; .github/workflows/graphify.yml; tests/graphify-tools.node.mjs; docs/GRAPHIFY.md,Configuração versionada e validada pelo wrapper.,Inspeção de fontes e evidências por módulo; não significa teste individual completo do aceite.,b789e45f3171ce56a9e5eff4f8bbb3d6acc145c7
GR08,Corpus inicial,P,P,scripts/graphify.mjs; .graphify.project.json; .github/workflows/graphify.yml; tests/graphify-tools.node.mjs; docs/GRAPHIFY.md,142 arquivos representados incluindo 17 SQL; docs ausentes e cobertura por símbolo não certificada.,Inspeção de fontes e evidências por módulo; não significa teste individual completo do aceite.,b789e45f3171ce56a9e5eff4f8bbb3d6acc145c7
GR09,Exclusões e caminhos,I,I,scripts/graphify.mjs; .graphify.project.json; .github/workflows/graphify.yml; tests/graphify-tools.node.mjs; docs/GRAPHIFY.md,Raiz extensões exclusões e symlinks controlados no wrapper; teste hostil integral fica em GR45.,Inspeção de fontes e evidências por módulo; não significa teste individual completo do aceite.,b789e45f3171ce56a9e5eff4f8bbb3d6acc145c7
GR10,Armazenamento/retenção,I,I,scripts/graphify.mjs; .graphify.project.json; .github/workflows/graphify.yml; tests/graphify-tools.node.mjs; docs/GRAPHIFY.md,Grafo ignorado no Git e artefatos CI com retenção de 14 dias.,Inspeção de fontes e evidências por módulo; não significa teste individual completo do aceite.,b789e45f3171ce56a9e5eff4f8bbb3d6acc145c7
GR11,Doctor,I,I,scripts/graphify.mjs; .graphify.project.json; .github/workflows/graphify.yml; tests/graphify-tools.node.mjs; docs/GRAPHIFY.md,Doctor disponível com diagnóstico de versão/raiz.,Inspeção de fontes e evidências por módulo; não significa teste individual completo do aceite.,b789e45f3171ce56a9e5eff4f8bbb3d6acc145c7
GR12,Geração estrutural sem IA,I,I,scripts/graphify.mjs; .graphify.project.json; .github/workflows/graphify.yml; tests/graphify-tools.node.mjs; docs/GRAPHIFY.md,Extração estrutural code-only sem uso de chaves de IA ou Supabase.,Inspeção de fontes e evidências por módulo; não significa teste individual completo do aceite.,b789e45f3171ce56a9e5eff4f8bbb3d6acc145c7
GR13,Reconstruir mapa,I,I,scripts/graphify.mjs; .graphify.project.json; .github/workflows/graphify.yml; tests/graphify-tools.node.mjs; docs/GRAPHIFY.md,Mapa atual possui 1052 nós e 2311 relações.,Inspeção de fontes e evidências por módulo; não significa teste individual completo do aceite.,b789e45f3171ce56a9e5eff4f8bbb3d6acc145c7
GR14,Direção das relações,A,A,scripts/graphify.mjs; .graphify.project.json; .github/workflows/graphify.yml; tests/graphify-tools.node.mjs; docs/GRAPHIFY.md,Formato não direcionado documentado; requisito literal de direção não atendido.,Inspeção de fontes e evidências por módulo; não significa teste individual completo do aceite.,b789e45f3171ce56a9e5eff4f8bbb3d6acc145c7
GR15,Identidades/caminhos,P,P,scripts/graphify.mjs; .graphify.project.json; .github/workflows/graphify.yml; tests/graphify-tools.node.mjs; docs/GRAPHIFY.md,Caminhos normalizados; homônimos aliases e chamadas indiretas ainda sem amostra completa.,Inspeção de fontes e evidências por módulo; não significa teste individual completo do aceite.,b789e45f3171ce56a9e5eff4f8bbb3d6acc145c7
GR16,Evidência por relação,P,P,scripts/graphify.mjs; .graphify.project.json; .github/workflows/graphify.yml; tests/graphify-tools.node.mjs; docs/GRAPHIFY.md,Nó mostra fonte/linha; auditabilidade e classificação por relação não integralmente validadas.,Inspeção de fontes e evidências por módulo; não significa teste individual completo do aceite.,b789e45f3171ce56a9e5eff4f8bbb3d6acc145c7
GR17,Integridade do grafo,I,I,scripts/graphify.mjs; .graphify.project.json; .github/workflows/graphify.yml; tests/graphify-tools.node.mjs; docs/GRAPHIFY.md,IDs endpoints e caminhos inválidos bloqueados por validadores/testes.,Inspeção de fontes e evidências por módulo; não significa teste individual completo do aceite.,b789e45f3171ce56a9e5eff4f8bbb3d6acc145c7
GR18,Comunidades,P,P,scripts/graphify.mjs; .graphify.project.json; .github/workflows/graphify.yml; tests/graphify-tools.node.mjs; docs/GRAPHIFY.md,Comunidades automáticas com nomes genéricos; curadoria de nomes/coesão não concluída.,Inspeção de fontes e evidências por módulo; não significa teste individual completo do aceite.,b789e45f3171ce56a9e5eff4f8bbb3d6acc145c7
GR19,Saídas JSON/relatório/HTML,I,I,scripts/graphify.mjs; .graphify.project.json; .github/workflows/graphify.yml; tests/graphify-tools.node.mjs; docs/GRAPHIFY.md,JSON HTML e relatório gerados no mesmo processo.,Inspeção de fontes e evidências por módulo; não significa teste individual completo do aceite.,b789e45f3171ce56a9e5eff4f8bbb3d6acc145c7
GR20,Promoção atômica,P,P,scripts/graphify.mjs; .graphify.project.json; .github/workflows/graphify.yml; tests/graphify-tools.node.mjs; docs/GRAPHIFY.md,Candidato e lock existem; ausência de teste integral de interrupção/disco cheio.,Inspeção de fontes e evidências por módulo; não significa teste individual completo do aceite.,b789e45f3171ce56a9e5eff4f8bbb3d6acc145c7
GR21,Query/path/explain,P,P,scripts/graphify.mjs; .graphify.project.json; .github/workflows/graphify.yml; tests/graphify-tools.node.mjs; docs/GRAPHIFY.md,Query disponível; comandos estáveis path/explain do wrapper ausentes.,Inspeção de fontes e evidências por módulo; não significa teste individual completo do aceite.,b789e45f3171ce56a9e5eff4f8bbb3d6acc145c7
GR22,Vocabulário português,I,I,scripts/graphify.mjs; .graphify.project.json; .github/workflows/graphify.yml; tests/graphify-tools.node.mjs; docs/GRAPHIFY.md,Aliases em português e expansão textual implementados/testados.,Inspeção de fontes e evidências por módulo; não significa teste individual completo do aceite.,b789e45f3171ce56a9e5eff4f8bbb3d6acc145c7
GR23,Limites de contexto,I,I,scripts/graphify.mjs; .graphify.project.json; .github/workflows/graphify.yml; tests/graphify-tools.node.mjs; docs/GRAPHIFY.md,Consulta limitada a 1200 tokens e truncamento explicitado.,Inspeção de fontes e evidências por módulo; não significa teste individual completo do aceite.,b789e45f3171ce56a9e5eff4f8bbb3d6acc145c7
GR24,Impacto direcional,A,A,scripts/graphify.mjs; .graphify.project.json; .github/workflows/graphify.yml; tests/graphify-tools.node.mjs; docs/GRAPHIFY.md,Impact fornece vizinhança não direcional; não cumpre análise causal de dependentes.,Inspeção de fontes e evidências por módulo; não significa teste individual completo do aceite.,b789e45f3171ce56a9e5eff4f8bbb3d6acc145c7
GR25,Impacto→testes,P,P,scripts/graphify.mjs; .graphify.project.json; .github/workflows/graphify.yml; tests/graphify-tools.node.mjs; docs/GRAPHIFY.md,Navegação até testes possível; seleção de testes afetados não validada por benchmark.,Inspeção de fontes e evidências por módulo; não significa teste individual completo do aceite.,b789e45f3171ce56a9e5eff4f8bbb3d6acc145c7
GR26,Atualização incremental,A,A,scripts/graphify.mjs; .graphify.project.json; .github/workflows/graphify.yml; tests/graphify-tools.node.mjs; docs/GRAPHIFY.md,Update chama rebuild completo; fingerprint não equivale a extração incremental.,Inspeção de fontes e evidências por módulo; não significa teste individual completo do aceite.,b789e45f3171ce56a9e5eff4f8bbb3d6acc145c7
GR27,Renomes/exclusões/branches,P,P,scripts/graphify.mjs; .graphify.project.json; .github/workflows/graphify.yml; tests/graphify-tools.node.mjs; docs/GRAPHIFY.md,Rebuild/status tratam corpus; matriz de renome branch e exclusão incompleta.,Inspeção de fontes e evidências por módulo; não significa teste individual completo do aceite.,b789e45f3171ce56a9e5eff4f8bbb3d6acc145c7
GR28,Atualidade/check,I,I,scripts/graphify.mjs; .graphify.project.json; .github/workflows/graphify.yml; tests/graphify-tools.node.mjs; docs/GRAPHIFY.md,Status/check por fingerprint disponíveis e executados.,Inspeção de fontes e evidências por módulo; não significa teste individual completo do aceite.,b789e45f3171ce56a9e5eff4f8bbb3d6acc145c7
GR29,Instruções aos agentes,I,I,scripts/graphify.mjs; .graphify.project.json; .github/workflows/graphify.yml; tests/graphify-tools.node.mjs; docs/GRAPHIFY.md,AGENTS do site orienta consulta e conferência nas fontes.,Inspeção de fontes e evidências por módulo; não significa teste individual completo do aceite.,b789e45f3171ce56a9e5eff4f8bbb3d6acc145c7
GR30,Hooks Git,A,A,scripts/graphify.mjs; .graphify.project.json; .github/workflows/graphify.yml; tests/graphify-tools.node.mjs; docs/GRAPHIFY.md,Hooks locais foram adiados; fluxo manual/CI não cumpre automação por commit/checkout.,Inspeção de fontes e evidências por módulo; não significa teste individual completo do aceite.,b789e45f3171ce56a9e5eff4f8bbb3d6acc145c7
GR31,Documentos selecionados,P,P,scripts/graphify.mjs; .graphify.project.json; .github/workflows/graphify.yml; tests/graphify-tools.node.mjs; docs/GRAPHIFY.md,Pass de documentação previsto; nenhum .md representado no grafo atual.,Inspeção de fontes e evidências por módulo; não significa teste individual completo do aceite.,b789e45f3171ce56a9e5eff4f8bbb3d6acc145c7
GR32,Pass semântico separado,P,P,scripts/graphify.mjs; .graphify.project.json; .github/workflows/graphify.yml; tests/graphify-tools.node.mjs; docs/GRAPHIFY.md,Automação estrutural isolada; pass semântico separado não entregue.,Inspeção de fontes e evidências por módulo; não significa teste individual completo do aceite.,b789e45f3171ce56a9e5eff4f8bbb3d6acc145c7
GR33,Contratos até RPC/SQL,P,P,scripts/graphify.mjs; .graphify.project.json; .github/workflows/graphify.yml; tests/graphify-tools.node.mjs; docs/GRAPHIFY.md; site-supabase/supabase/migrations; site-supabase/supabase/tests/database/customer_portal.test.sql; site-supabase/supabase/tests/database/lead_storage.test.sql; docs/audits/plan-review-20260912/database-readonly.json,SQL está no grafo; cadeia completa payload-handler-RPC-migration ainda não validada.,Inspeção de fontes e evidências por módulo; não significa teste individual completo do aceite.,b789e45f3171ce56a9e5eff4f8bbb3d6acc145c7
GR34,Fronteiras dos bancos,P,P,scripts/graphify.mjs; .graphify.project.json; .github/workflows/graphify.yml; tests/graphify-tools.node.mjs; docs/GRAPHIFY.md; site-supabase/supabase/migrations; site-supabase/supabase/tests/database/customer_portal.test.sql; site-supabase/supabase/tests/database/lead_storage.test.sql; docs/audits/plan-review-20260912/database-readonly.json,Guardas nos arquivos; mapa direcional de fronteiras não entregue.,Inspeção de fontes e evidências por módulo; não significa teste individual completo do aceite.,b789e45f3171ce56a9e5eff4f8bbb3d6acc145c7
GR35,Código/flag/migration/deploy,P,P,scripts/graphify.mjs; .graphify.project.json; .github/workflows/graphify.yml; tests/graphify-tools.node.mjs; docs/GRAPHIFY.md; site-supabase/supabase/migrations; site-supabase/supabase/tests/database/customer_portal.test.sql; site-supabase/supabase/tests/database/lead_storage.test.sql; docs/audits/plan-review-20260912/database-readonly.json,Flags/migrations/ativação diferenciadas em docs; representação de evidências de deploy no grafo incompleta.,Inspeção de fontes e evidências por módulo; não significa teste individual completo do aceite.,b789e45f3171ce56a9e5eff4f8bbb3d6acc145c7
GR36,Requisitos→implementação,P,P,docs/PLANO_UX_100_ETAPAS_20260909.md; docs/RELATORIO_EXPERIENCIA_MARKETING_GEN_Z_20260909.md; docs/audits/plan-review-20260912/http-production.json; scripts/graphify.mjs; .graphify.project.json; .github/workflows/graphify.yml; tests/graphify-tools.node.mjs; docs/GRAPHIFY.md,230 referências auditadas manualmente; integração mantida requisito-grafo ainda ausente.,Inspeção de fontes e evidências por módulo; não significa teste individual completo do aceite.,b789e45f3171ce56a9e5eff4f8bbb3d6acc145c7
GR37,Memória técnica revisável,P,P,scripts/graphify.mjs; .graphify.project.json; .github/workflows/graphify.yml; tests/graphify-tools.node.mjs; docs/GRAPHIFY.md,Memória orientada por documentação; ciclo revisado de correções e fontes não demonstrado.,Inspeção de fontes e evidências por módulo; não significa teste individual completo do aceite.,b789e45f3171ce56a9e5eff4f8bbb3d6acc145c7
GR38,Runbook para o time,I,I,scripts/graphify.mjs; .graphify.project.json; .github/workflows/graphify.yml; tests/graphify-tools.node.mjs; docs/GRAPHIFY.md,Runbook com instalação comandos limitações e recuperação disponível.,Inspeção de fontes e evidências por módulo; não significa teste individual completo do aceite.,b789e45f3171ce56a9e5eff4f8bbb3d6acc145c7
GR39,Visualização local,P,P,scripts/graphify.mjs; .graphify.project.json; .github/workflows/graphify.yml; tests/graphify-tools.node.mjs; docs/GRAPHIFY.md,HTML local existe; acessibilidade filtros e segurança visual não retestados integralmente.,Inspeção de fontes e evidências por módulo; não significa teste individual completo do aceite.,b789e45f3171ce56a9e5eff4f8bbb3d6acc145c7
GR40,Medir utilidade,N,N,scripts/graphify.mjs; .graphify.project.json; .github/workflows/graphify.yml; tests/graphify-tools.node.mjs; docs/GRAPHIFY.md,Sem benchmark equivalente de dez perguntas comparando grafo e busca direta.,Inspeção de fontes e evidências por módulo; não significa teste individual completo do aceite.,b789e45f3171ce56a9e5eff4f8bbb3d6acc145c7
GR41,Workflow específico,I,I,scripts/graphify.mjs; .graphify.project.json; .github/workflows/graphify.yml; tests/graphify-tools.node.mjs; docs/GRAPHIFY.md; e2e/smoke.spec.ts; playwright.config.ts; .github/workflows/quality.yml; docs/audits/plan-review-20260912/simulations.json,Workflow dedicado com versão fixa e check aprovado no commit.,Inspeção de fontes e evidências por módulo; não significa teste individual completo do aceite.,b789e45f3171ce56a9e5eff4f8bbb3d6acc145c7
GR42,Permissões/artefatos,P,P,scripts/graphify.mjs; .graphify.project.json; .github/workflows/graphify.yml; tests/graphify-tools.node.mjs; docs/GRAPHIFY.md,Permissões/retencão/scanner existem; revisão de visibilidade e escopo completo de segredos pendente.,Inspeção de fontes e evidências por módulo; não significa teste individual completo do aceite.,b789e45f3171ce56a9e5eff4f8bbb3d6acc145c7
GR43,Gatilhos/cache específicos,P,P,scripts/graphify.mjs; .graphify.project.json; .github/workflows/graphify.yml; tests/graphify-tools.node.mjs; docs/GRAPHIFY.md,Cache npm existe; gatilhos por caminhos e cache de grafo por corpus ausentes.,Inspeção de fontes e evidências por módulo; não significa teste individual completo do aceite.,b789e45f3171ce56a9e5eff4f8bbb3d6acc145c7
GR44,Relatório base/head,N,N,scripts/graphify.mjs; .graphify.project.json; .github/workflows/graphify.yml; tests/graphify-tools.node.mjs; docs/GRAPHIFY.md,Workflow não compara estrutura base/head nem emite impacto por commit.,Inspeção de fontes e evidências por módulo; não significa teste individual completo do aceite.,b789e45f3171ce56a9e5eff4f8bbb3d6acc145c7
GR45,Conteúdo hostil,P,P,scripts/graphify.mjs; .graphify.project.json; .github/workflows/graphify.yml; tests/graphify-tools.node.mjs; docs/GRAPHIFY.md,Seis testes incluem scanner sintético; HTML hostil comentários e symlinks não têm matriz completa.,Inspeção de fontes e evidências por módulo; não significa teste individual completo do aceite.,b789e45f3171ce56a9e5eff4f8bbb3d6acc145c7
GR46,Falhas e concorrência,P,P,scripts/graphify.mjs; .graphify.project.json; .github/workflows/graphify.yml; tests/graphify-tools.node.mjs; docs/GRAPHIFY.md,Lock e validadores existem; parser timeout disco e interrupção ainda sem simulações completas.,Inspeção de fontes e evidências por módulo; não significa teste individual completo do aceite.,b789e45f3171ce56a9e5eff4f8bbb3d6acc145c7
GR47,Cobertura/precisão,P,P,scripts/graphify.mjs; .graphify.project.json; .github/workflows/graphify.yml; tests/graphify-tools.node.mjs; docs/GRAPHIFY.md,Consultas demonstram utilidade; precisão das dez perguntas/direção/aliases não certificada.,Inspeção de fontes e evidências por módulo; não significa teste individual completo do aceite.,b789e45f3171ce56a9e5eff4f8bbb3d6acc145c7
GR48,Desempenho/regressões,P,P,scripts/graphify.mjs; .graphify.project.json; .github/workflows/graphify.yml; tests/graphify-tools.node.mjs; docs/GRAPHIFY.md,Geração operacional; medição controlada completa/incremental/fixture grande ausente.,Inspeção de fontes e evidências por módulo; não significa teste individual completo do aceite.,b789e45f3171ce56a9e5eff4f8bbb3d6acc145c7
GR49,Recuperação/upgrade,P,P,scripts/graphify.mjs; .graphify.project.json; .github/workflows/graphify.yml; tests/graphify-tools.node.mjs; docs/GRAPHIFY.md,Procedimento de candidato existe; restauração e upgrade ainda sem ensaio completo.,Inspeção de fontes e evidências por módulo; não significa teste individual completo do aceite.,b789e45f3171ce56a9e5eff4f8bbb3d6acc145c7
GR50,Publicar/acompanhar,P,P,scripts/graphify.mjs; .graphify.project.json; .github/workflows/graphify.yml; tests/graphify-tools.node.mjs; docs/GRAPHIFY.md; e2e/smoke.spec.ts; playwright.config.ts; .github/workflows/quality.yml; docs/audits/plan-review-20260912/simulations.json,Ferramenta integrada ao CI; benchmark aceites e recuperação impedem conclusão literal das 50 etapas.,Inspeção de fontes e evidências por módulo; não significa teste individual completo do aceite.,b789e45f3171ce56a9e5eff4f8bbb3d6acc145c7
AC01,Primeiro orçamento sem cadastro,I,I,src/pages/QuotePage.tsx; src/lib/quoteDraft.ts; src/lib/quoteBriefing.ts; src/lib/http.ts; api/_lib/contracts.ts; tests/api/lead-requests.test.ts; docs/audits/plan-review-20260912/simulations.json,Primeiro orçamento continua sem cadastro obrigatório.,Inspeção de fontes e evidências por módulo; não significa teste individual completo do aceite.,b789e45f3171ce56a9e5eff4f8bbb3d6acc145c7
AC02,Entrada Meus orçamentos,I,I,src/components/Layout.tsx; src/App.tsx; e2e/smoke.spec.ts,Entradas Meus orçamentos presentes na navegação.,Inspeção de fontes e evidências por módulo; não significa teste individual completo do aceite.,b789e45f3171ce56a9e5eff4f8bbb3d6acc145c7
AC03,Tela de acesso responsiva,I,I,src/context/CustomerAuthContext.tsx; src/lib/siteSupabaseConfig.ts; src/pages/CustomerLoginPage.tsx; src/pages/AuthConfirmPage.tsx; src/pages/SetPasswordPage.tsx; e2e/smoke.spec.ts; playwright.config.ts; .github/workflows/quality.yml; docs/audits/plan-review-20260912/simulations.json,Tela de login responsiva observada e testada.,Inspeção de fontes e evidências por módulo; não significa teste individual completo do aceite.,b789e45f3171ce56a9e5eff4f8bbb3d6acc145c7
AC04,Link/código por e-mail,P,P,src/context/CustomerAuthContext.tsx; src/lib/siteSupabaseConfig.ts; src/pages/CustomerLoginPage.tsx; src/pages/AuthConfirmPage.tsx; src/pages/SetPasswordPage.tsx,Código/link suportado; entrega real de autenticação não reexecutada nesta rodada.,Inspeção de fontes e evidências por módulo; não significa teste individual completo do aceite.,b789e45f3171ce56a9e5eff4f8bbb3d6acc145c7
AC05,Entrada com senha,I,I,src/context/CustomerAuthContext.tsx; src/lib/siteSupabaseConfig.ts; src/pages/CustomerLoginPage.tsx; src/pages/AuthConfirmPage.tsx; src/pages/SetPasswordPage.tsx; e2e/smoke.spec.ts; playwright.config.ts; .github/workflows/quality.yml; docs/audits/plan-review-20260912/simulations.json,Login por senha implementado e contratos cobertos.,Inspeção de fontes e evidências por módulo; não significa teste individual completo do aceite.,b789e45f3171ce56a9e5eff4f8bbb3d6acc145c7
AC06,Criar senha/confirmar e-mail,P,P,src/context/CustomerAuthContext.tsx; src/lib/siteSupabaseConfig.ts; src/pages/CustomerLoginPage.tsx; src/pages/AuthConfirmPage.tsx; src/pages/SetPasswordPage.tsx,Criação/confirmacão existem; e-mail real e ciclo de senha precisam aceite atual.,Inspeção de fontes e evidências por módulo; não significa teste individual completo do aceite.,b789e45f3171ce56a9e5eff4f8bbb3d6acc145c7
AC07,Recuperar/redefinir senha,P,P,src/context/CustomerAuthContext.tsx; src/lib/siteSupabaseConfig.ts; src/pages/CustomerLoginPage.tsx; src/pages/AuthConfirmPage.tsx; src/pages/SetPasswordPage.tsx,Recuperação/redefinição existem; expiração e recebimento reais não retestados.,Inspeção de fontes e evidências por módulo; não significa teste individual completo do aceite.,b789e45f3171ce56a9e5eff4f8bbb3d6acc145c7
AC08,Redirect interno restrito,I,I,src/context/CustomerAuthContext.tsx; src/lib/siteSupabaseConfig.ts; src/pages/CustomerLoginPage.tsx; src/pages/AuthConfirmPage.tsx; src/pages/SetPasswordPage.tsx,Redirecionamento restringido a destinos internos testados.,Inspeção de fontes e evidências por módulo; não significa teste individual completo do aceite.,b789e45f3171ce56a9e5eff4f8bbb3d6acc145c7
AC09,Callback inválido recuperável,I,I,src/context/CustomerAuthContext.tsx; src/lib/siteSupabaseConfig.ts; src/pages/CustomerLoginPage.tsx; src/pages/AuthConfirmPage.tsx; src/pages/SetPasswordPage.tsx; e2e/smoke.spec.ts; playwright.config.ts; .github/workflows/quality.yml; docs/audits/plan-review-20260912/simulations.json,Callback inválido gera recuperação sem indexação.,Inspeção de fontes e evidências por módulo; não significa teste individual completo do aceite.,b789e45f3171ce56a9e5eff4f8bbb3d6acc145c7
AC10,Sessão persistente/refresh,P,P,src/context/CustomerAuthContext.tsx; src/lib/siteSupabaseConfig.ts; src/pages/CustomerLoginPage.tsx; src/pages/AuthConfirmPage.tsx; src/pages/SetPasswordPage.tsx; src/pages/QuotePage.tsx; src/lib/quoteDraft.ts; src/lib/quoteBriefing.ts; src/lib/http.ts; api/_lib/contracts.ts; tests/api/lead-requests.test.ts; docs/audits/plan-review-20260912/simulations.json,Sessão SDK persistente; limpeza em memória e rascunho B01 ainda não encerradas.,Inspeção de fontes e evidências por módulo; não significa teste individual completo do aceite.,b789e45f3171ce56a9e5eff4f8bbb3d6acc145c7
AC11,Rejeitar secret no bundle,I,I,src/context/CustomerAuthContext.tsx; src/lib/siteSupabaseConfig.ts; src/pages/CustomerLoginPage.tsx; src/pages/AuthConfirmPage.tsx; src/pages/SetPasswordPage.tsx; site-supabase/supabase/migrations; site-supabase/supabase/tests/database/customer_portal.test.sql; site-supabase/supabase/tests/database/lead_storage.test.sql; docs/audits/plan-review-20260912/database-readonly.json,Cliente recusa credencial secreta; guardas e testes passam.,Inspeção de fontes e evidências por módulo; não significa teste individual completo do aceite.,b789e45f3171ce56a9e5eff4f8bbb3d6acc145c7
AC12,Auth no banco isolado,I,I,src/context/CustomerAuthContext.tsx; src/lib/siteSupabaseConfig.ts; src/pages/CustomerLoginPage.tsx; src/pages/AuthConfirmPage.tsx; src/pages/SetPasswordPage.tsx; site-supabase/supabase/migrations; site-supabase/supabase/tests/database/customer_portal.test.sql; site-supabase/supabase/tests/database/lead_storage.test.sql; docs/audits/plan-review-20260912/database-readonly.json,Auth do site aponta para projeto isolado confirmado.,Inspeção de fontes e evidências por módulo; não significa teste individual completo do aceite.,b789e45f3171ce56a9e5eff4f8bbb3d6acc145c7
AC13,Titular opcional,I,I,site-supabase/supabase/migrations; site-supabase/supabase/tests/database/customer_portal.test.sql; site-supabase/supabase/tests/database/lead_storage.test.sql; docs/audits/plan-review-20260912/database-readonly.json,Titular opcional preserva pedidos de visitantes.,Inspeção de fontes e evidências por módulo; não significa teste individual completo do aceite.,b789e45f3171ce56a9e5eff4f8bbb3d6acc145c7
AC14,Associar e-mail confirmado,I,I,site-supabase/supabase/migrations; site-supabase/supabase/tests/database/customer_portal.test.sql; site-supabase/supabase/tests/database/lead_storage.test.sql; docs/audits/plan-review-20260912/database-readonly.json,Associação limitada a e-mail confirmado e identidade; pgTAP aprovado.,Inspeção de fontes e evidências por módulo; não significa teste individual completo do aceite.,b789e45f3171ce56a9e5eff4f8bbb3d6acc145c7
AC15,Associação idempotente,I,I,site-supabase/supabase/migrations; site-supabase/supabase/tests/database/customer_portal.test.sql; site-supabase/supabase/tests/database/lead_storage.test.sql; docs/audits/plan-review-20260912/database-readonly.json,Reivindicação idempotente sem transferência entre titulares testada.,Inspeção de fontes e evidências por módulo; não significa teste individual completo do aceite.,b789e45f3171ce56a9e5eff4f8bbb3d6acc145c7
AC16,Lista por titular,I,I,src/pages/CustomerAccountPage.tsx; src/pages/CustomerQuotePage.tsx; src/lib/customerAccount.ts; api/customer-proposals.ts; tests/api/customer-proposals.test.ts; site-supabase/supabase/migrations; site-supabase/supabase/tests/database/customer_portal.test.sql; site-supabase/supabase/tests/database/lead_storage.test.sql; docs/audits/plan-review-20260912/database-readonly.json,RPC lista apenas pedidos da identidade e valida filtros/paginação.,Inspeção de fontes e evidências por módulo; não significa teste individual completo do aceite.,b789e45f3171ce56a9e5eff4f8bbb3d6acc145c7
AC17,Detalhe do titular,I,I,src/pages/CustomerAccountPage.tsx; src/pages/CustomerQuotePage.tsx; src/lib/customerAccount.ts; api/customer-proposals.ts; tests/api/customer-proposals.test.ts; site-supabase/supabase/migrations; site-supabase/supabase/tests/database/customer_portal.test.sql; site-supabase/supabase/tests/database/lead_storage.test.sql; docs/audits/plan-review-20260912/database-readonly.json,Servidor controla detalhe por auth.uid; B04 é estado da UI e não leitura cruzada do banco.,Inspeção de fontes e evidências por módulo; não significa teste individual completo do aceite.,b789e45f3171ce56a9e5eff4f8bbb3d6acc145c7
AC18,Snapshot original,I,I,src/pages/CustomerAccountPage.tsx; src/pages/CustomerQuotePage.tsx; src/lib/customerAccount.ts; api/customer-proposals.ts; tests/api/customer-proposals.test.ts; site-supabase/supabase/migrations; site-supabase/supabase/tests/database/customer_portal.test.sql; site-supabase/supabase/tests/database/lead_storage.test.sql; docs/audits/plan-review-20260912/database-readonly.json,Snapshot original preservado; repetição cria nova intenção.,Inspeção de fontes e evidências por módulo; não significa teste individual completo do aceite.,b789e45f3171ce56a9e5eff4f8bbb3d6acc145c7
AC19,Timeline pública separada,I,I,src/pages/CustomerAccountPage.tsx; src/pages/CustomerQuotePage.tsx; src/lib/customerAccount.ts; api/customer-proposals.ts; tests/api/customer-proposals.test.ts; site-supabase/supabase/migrations; site-supabase/supabase/tests/database/customer_portal.test.sql; site-supabase/supabase/tests/database/lead_storage.test.sql; docs/audits/plan-review-20260912/database-readonly.json,Eventos públicos separados dos internos.,Inspeção de fontes e evidências por módulo; não significa teste individual completo do aceite.,b789e45f3171ce56a9e5eff4f8bbb3d6acc145c7
AC20,Eventos reais de status,I,I,site-supabase/supabase/migrations; site-supabase/supabase/tests/database/customer_portal.test.sql; site-supabase/supabase/tests/database/lead_storage.test.sql; docs/audits/plan-review-20260912/database-readonly.json,Eventos associados a transições persistidas; operação humana não comprovada por isso.,Inspeção de fontes e evidências por módulo; não significa teste individual completo do aceite.,b789e45f3171ce56a9e5eff4f8bbb3d6acc145c7
AC21,Busca/filtros/paginação/estados,I,I,src/pages/CustomerAccountPage.tsx; src/pages/CustomerQuotePage.tsx; src/lib/customerAccount.ts; api/customer-proposals.ts; tests/api/customer-proposals.test.ts; e2e/smoke.spec.ts; playwright.config.ts; .github/workflows/quality.yml; docs/audits/plan-review-20260912/simulations.json,Busca filtros paginação recuperação e vazio na lista cobertos.,Inspeção de fontes e evidências por módulo; não significa teste individual completo do aceite.,b789e45f3171ce56a9e5eff4f8bbb3d6acc145c7
AC22,Detalhe completo,I,P,src/pages/CustomerAccountPage.tsx; src/pages/CustomerQuotePage.tsx; src/lib/customerAccount.ts; api/customer-proposals.ts; tests/api/customer-proposals.test.ts,Detalhe possui os campos esperados; B04 pode mostrar pedido anterior sob nova URL.,Inspeção de fontes e evidências por módulo; não significa teste individual completo do aceite.,b789e45f3171ce56a9e5eff4f8bbb3d6acc145c7
AC23,Solicitar novamente,P,P,src/pages/CustomerAccountPage.tsx; src/pages/CustomerQuotePage.tsx; src/lib/customerAccount.ts; api/customer-proposals.ts; tests/api/customer-proposals.test.ts; src/pages/ProductPage.tsx; src/components/ProductCard.tsx; src/lib/productBadges.ts; api/_lib/catalogValidation.ts; docs/audits/plan-review-20260912/simulations.json,Repetição confirma substituição; revalidação integral de referência atual/variantes ausente.,Inspeção de fontes e evidências por módulo; não significa teste individual completo do aceite.,b789e45f3171ce56a9e5eff4f8bbb3d6acc145c7
AC24,Versões publicadas,P,P,src/pages/CustomerAccountPage.tsx; src/pages/CustomerQuotePage.tsx; src/lib/customerAccount.ts; api/customer-proposals.ts; tests/api/customer-proposals.test.ts; site-supabase/supabase/migrations; site-supabase/supabase/tests/database/customer_portal.test.sql; site-supabase/supabase/tests/database/lead_storage.test.sql; docs/audits/plan-review-20260912/database-readonly.json,Propostas publicadas e versões modeladas; B06 e publicação comercial real ainda pendentes.,Inspeção de fontes e evidências por módulo; não significa teste individual completo do aceite.,b789e45f3171ce56a9e5eff4f8bbb3d6acc145c7
AC25,Bucket PDF privado/limites,I,I,site-supabase/supabase/migrations; site-supabase/supabase/tests/database/customer_portal.test.sql; site-supabase/supabase/tests/database/lead_storage.test.sql; docs/audits/plan-review-20260912/database-readonly.json,Bucket privado PDF/20MB e negação cruzada cobertos localmente; sem upload real nesta revisão.,Inspeção de fontes e evidências por módulo; não significa teste individual completo do aceite.,b789e45f3171ce56a9e5eff4f8bbb3d6acc145c7
AC26,URL assinada de 60 segundos,I,I,src/pages/CustomerAccountPage.tsx; src/pages/CustomerQuotePage.tsx; src/lib/customerAccount.ts; api/customer-proposals.ts; tests/api/customer-proposals.test.ts; site-supabase/supabase/migrations; site-supabase/supabase/tests/database/customer_portal.test.sql; site-supabase/supabase/tests/database/lead_storage.test.sql; docs/audits/plan-review-20260912/database-readonly.json,URL assinada de 60s exige autorização antes de assinar; testes negativos aprovados.,Inspeção de fontes e evidências por módulo; não significa teste individual completo do aceite.,b789e45f3171ce56a9e5eff4f8bbb3d6acc145c7
AC27,Origem/UUID/bucket/host,I,I,src/pages/CustomerAccountPage.tsx; src/pages/CustomerQuotePage.tsx; src/lib/customerAccount.ts; api/customer-proposals.ts; tests/api/customer-proposals.test.ts; site-supabase/supabase/migrations; site-supabase/supabase/tests/database/customer_portal.test.sql; site-supabase/supabase/tests/database/lead_storage.test.sql; docs/audits/plan-review-20260912/database-readonly.json,Origem UUID bucket e host controlados pelos testes da API.,Inspeção de fontes e evidências por módulo; não significa teste individual completo do aceite.,b789e45f3171ce56a9e5eff4f8bbb3d6acc145c7
AC28,Noindex/analytics sem protocolo,P,I,api/site-page.ts; api/product-page.ts; api/_lib/publicProductPage.ts; api/sitemap.ts; vercel.json; docs/audits/plan-review-20260912/http-production.json; src/lib/analytics.ts; src/lib/analytics.test.ts; scripts/check-performance-budget.mjs; src/App.tsx,Noindex na resposta inicial e UUID de orçamento redigido em analytics; antigo achado corrigido.,Inspeção de fontes e evidências por módulo; não significa teste individual completo do aceite.,b789e45f3171ce56a9e5eff4f8bbb3d6acc145c7
AC29,Aviso de privacidade,P,P,README.md; api/_lib/siteDatabase.ts; src/pages/AboutPage.tsx; src/pages/ContactPage.tsx; src/pages/PrivacyPage.tsx; src/pages/QuotePage.tsx; src/lib/quoteDraft.ts; src/lib/quoteBriefing.ts; src/lib/http.ts; api/_lib/contracts.ts; tests/api/lead-requests.test.ts; docs/audits/plan-review-20260912/simulations.json,Aviso existe mas promete apagar após sucesso; comportamento B01 contradiz texto.,Inspeção de fontes e evidências por módulo; não significa teste individual completo do aceite.,b789e45f3171ce56a9e5eff4f8bbb3d6acc145c7
AC30,Cobertura automatizada completa,P,P,e2e/smoke.spec.ts; playwright.config.ts; .github/workflows/quality.yml; docs/audits/plan-review-20260912/simulations.json,Cobertura ampla; simulações novas e instabilidade WebKit mantêm aceite integral aberto.,Inspeção de fontes e evidências por módulo; não significa teste individual completo do aceite.,b789e45f3171ce56a9e5eff4f8bbb3d6acc145c7
